<?xml version="1.0" encoding="UTF-8"?>
<gpx creator="Garmin Connect" version="1.1"
  xsi:schemaLocation="http://www.topografix.com/GPX/1/1 http://www.topografix.com/GPX/11.xsd"
  xmlns:ns3="http://www.garmin.com/xmlschemas/TrackPointExtension/v1"
  xmlns="http://www.topografix.com/GPX/1/1"
  xmlns:xsi="http://www.w3.org/2001/XMLSchema-instance" xmlns:ns2="http://www.garmin.com/xmlschemas/GpxExtensions/v3">
  <metadata>
    <name>Cafayate Trail</name>
    <link href="connect.garmin.com">
      <text>Garmin Connect</text>
    </link>
    <time>2025-10-09T13:40:19.000Z</time>
  </metadata>
  <trk>
    <name>Cafayate Trail</name>
    <trkseg>
      <trkpt lat="-25.970261972397566" lon="-65.84962396882474">
        <ele>1574.87</ele>
      </trkpt>
      <trkpt lat="-25.970233976840973" lon="-65.84968892857432">
        <ele>1574.89</ele>
      </trkpt>
      <trkpt lat="-25.97016097046435" lon="-65.8497919421643">
        <ele>1574.94</ele>
      </trkpt>
      <trkpt lat="-25.9700979385525" lon="-65.8498199377209">
        <ele>1575.0</ele>
      </trkpt>
      <trkpt lat="-25.970050999894738" lon="-65.84985497407615">
        <ele>1575.04</ele>
      </trkpt>
      <trkpt lat="-25.969942957162857" lon="-65.84990199655294">
        <ele>1575.09</ele>
      </trkpt>
      <trkpt lat="-25.969846984371543" lon="-65.84994792938232">
        <ele>1575.18</ele>
      </trkpt>
      <trkpt lat="-25.96977992914617" lon="-65.8500009868294">
        <ele>1575.24</ele>
      </trkpt>
      <trkpt lat="-25.969698959961534" lon="-65.85003795102239">
        <ele>1575.3</ele>
      </trkpt>
      <trkpt lat="-25.969662917777896" lon="-65.8501439820975">
        <ele>1575.34</ele>
      </trkpt>
      <trkpt lat="-25.96960499882698" lon="-65.85026199929416">
        <ele>1575.38</ele>
      </trkpt>
      <trkpt lat="-25.969596952199936" lon="-65.85027297958732">
        <ele>1575.41</ele>
      </trkpt>
      <trkpt lat="-25.969571974128485" lon="-65.85032293573022">
        <ele>1575.43</ele>
      </trkpt>
      <trkpt lat="-25.969569962471724" lon="-65.85033198818564">
        <ele>1575.44</ele>
      </trkpt>
      <trkpt lat="-25.9695659391582" lon="-65.8503569662571">
        <ele>1575.44</ele>
      </trkpt>
      <trkpt lat="-25.96955898217857" lon="-65.85040893405676">
        <ele>1575.44</ele>
      </trkpt>
      <trkpt lat="-25.969550935551524" lon="-65.85054195486009">
        <ele>1575.43</ele>
      </trkpt>
      <trkpt lat="-25.96955898217857" lon="-65.85061496123672">
        <ele>1575.42</ele>
      </trkpt>
      <trkpt lat="-25.969548923894763" lon="-65.85062594152987">
        <ele>1575.41</ele>
      </trkpt>
      <trkpt lat="-25.969530986621976" lon="-65.8506989479065">
        <ele>1575.38</ele>
      </trkpt>
      <trkpt lat="-25.969525957480073" lon="-65.85074697621167">
        <ele>1575.37</ele>
      </trkpt>
      <trkpt lat="-25.96951497718692" lon="-65.85076298564672">
        <ele>1575.37</ele>
      </trkpt>
      <trkpt lat="-25.969487987458706" lon="-65.8507679309696">
        <ele>1575.36</ele>
      </trkpt>
      <trkpt lat="-25.96947591751814" lon="-65.85076298564672">
        <ele>1575.37</ele>
      </trkpt>
      <trkpt lat="-25.969462925568223" lon="-65.85075493901968">
        <ele>1575.39</ele>
      </trkpt>
      <trkpt lat="-25.96941095776856" lon="-65.85070498287678">
        <ele>1575.41</ele>
      </trkpt>
      <trkpt lat="-25.969362929463387" lon="-65.85064899176359">
        <ele>1575.44</ele>
      </trkpt>
      <trkpt lat="-25.969339963048697" lon="-65.85061999037862">
        <ele>1575.5</ele>
      </trkpt>
      <trkpt lat="-25.969310961663723" lon="-65.85058394819498">
        <ele>1575.57</ele>
      </trkpt>
      <trkpt lat="-25.96930098719895" lon="-65.85057095624506">
        <ele>1575.66</ele>
      </trkpt>
      <trkpt lat="-25.969268968328834" lon="-65.85051999427378">
        <ele>1575.78</ele>
      </trkpt>
      <trkpt lat="-25.969225969165564" lon="-65.85046492516994">
        <ele>1575.91</ele>
      </trkpt>
      <trkpt lat="-25.969210965558887" lon="-65.85044799372554">
        <ele>1576.05</ele>
      </trkpt>
      <trkpt lat="-25.96917198970914" lon="-65.85040097124875">
        <ele>1576.21</ele>
      </trkpt>
      <trkpt lat="-25.96910795196891" lon="-65.85032695904374">
        <ele>1576.4</ele>
      </trkpt>
      <trkpt lat="-25.969080962240696" lon="-65.85029494017363">
        <ele>1576.6</ele>
      </trkpt>
      <trkpt lat="-25.96898297779262" lon="-65.8501719776541">
        <ele>1576.85</ele>
      </trkpt>
      <trkpt lat="-25.968969985842705" lon="-65.85015596821904">
        <ele>1577.08</ele>
      </trkpt>
      <trkpt lat="-25.968914916738868" lon="-65.85008296184242">
        <ele>1577.35</ele>
      </trkpt>
      <trkpt lat="-25.968882981687784" lon="-65.85004599764943">
        <ele>1577.6</ele>
      </trkpt>
      <trkpt lat="-25.968816932290792" lon="-65.84993594326079">
        <ele>1577.86</ele>
      </trkpt>
      <trkpt lat="-25.968752978369594" lon="-65.8498249668628">
        <ele>1578.14</ele>
      </trkpt>
      <trkpt lat="-25.96866094507277" lon="-65.84970594383776">
        <ele>1578.41</ele>
      </trkpt>
      <trkpt lat="-25.968604953959584" lon="-65.84964198991656">
        <ele>1578.66</ele>
      </trkpt>
      <trkpt lat="-25.968546951189637" lon="-65.84958398714662">
        <ele>1578.91</ele>
      </trkpt>
      <trkpt lat="-25.968435974791646" lon="-65.84943797439337">
        <ele>1579.14</ele>
      </trkpt>
      <trkpt lat="-25.968363974243402" lon="-65.84929598495364">
        <ele>1579.37</ele>
      </trkpt>
      <trkpt lat="-25.968395993113518" lon="-65.84918199107051">
        <ele>1579.57</ele>
      </trkpt>
      <trkpt lat="-25.96841996535659" lon="-65.84914192557335">
        <ele>1579.74</ele>
      </trkpt>
      <trkpt lat="-25.96849096007645" lon="-65.84905894473195">
        <ele>1579.91</ele>
      </trkpt>
      <trkpt lat="-25.968545945361257" lon="-65.84900697693229">
        <ele>1580.05</ele>
      </trkpt>
      <trkpt lat="-25.96868491731584" lon="-65.84887898527086">
        <ele>1580.2</ele>
      </trkpt>
      <trkpt lat="-25.968738980591297" lon="-65.84883699193597">
        <ele>1580.31</ele>
      </trkpt>
      <trkpt lat="-25.968905948102474" lon="-65.84872995503247">
        <ele>1580.42</ele>
      </trkpt>
      <trkpt lat="-25.96893595531583" lon="-65.8487059827894">
        <ele>1580.49</ele>
      </trkpt>
      <trkpt lat="-25.969100994989276" lon="-65.84860196337104">
        <ele>1580.53</ele>
      </trkpt>
      <trkpt lat="-25.969137959182262" lon="-65.84857195615768">
        <ele>1580.56</ele>
      </trkpt>
      <trkpt lat="-25.969310961663723" lon="-65.84845896810293">
        <ele>1580.56</ele>
      </trkpt>
      <trkpt lat="-25.96932797692716" lon="-65.84844597615302">
        <ele>1580.55</ele>
      </trkpt>
      <trkpt lat="-25.96949796192348" lon="-65.84832997061312">
        <ele>1580.5</ele>
      </trkpt>
      <trkpt lat="-25.96954096108675" lon="-65.84830096922815">
        <ele>1580.45</ele>
      </trkpt>
      <trkpt lat="-25.969675993546844" lon="-65.84815395064652">
        <ele>1580.31</ele>
      </trkpt>
      <trkpt lat="-25.96968898549676" lon="-65.84813199006021">
        <ele>1580.23</ele>
      </trkpt>
      <trkpt lat="-25.969786969944835" lon="-65.84797399118543">
        <ele>1580.17</ele>
      </trkpt>
      <trkpt lat="-25.96979694440961" lon="-65.84795295260847">
        <ele>1580.09</ele>
      </trkpt>
      <trkpt lat="-25.969896940514445" lon="-65.84777793847024">
        <ele>1580.07</ele>
      </trkpt>
      <trkpt lat="-25.970048988237977" lon="-65.84763896651566">
        <ele>1580.02</ele>
      </trkpt>
      <trkpt lat="-25.970065919682384" lon="-65.84762094542384">
        <ele>1579.96</ele>
      </trkpt>
      <trkpt lat="-25.97021092660725" lon="-65.84749295376241">
        <ele>1579.92</ele>
      </trkpt>
      <trkpt lat="-25.97022995352745" lon="-65.8474749326706">
        <ele>1579.88</ele>
      </trkpt>
      <trkpt lat="-25.970391975715756" lon="-65.84734098985791">
        <ele>1579.8</ele>
      </trkpt>
      <trkpt lat="-25.970408990979195" lon="-65.84732498042285">
        <ele>1579.75</ele>
      </trkpt>
      <trkpt lat="-25.970561960712075" lon="-65.84720394574106">
        <ele>1579.7</ele>
      </trkpt>
      <trkpt lat="-25.970582999289036" lon="-65.8471929654479">
        <ele>1579.66</ele>
      </trkpt>
      <trkpt lat="-25.970759941264987" lon="-65.84713596850634">
        <ele>1579.57</ele>
      </trkpt>
      <trkpt lat="-25.97078994847834" lon="-65.84712699986994">
        <ele>1579.54</ele>
      </trkpt>
      <trkpt lat="-25.97080897539854" lon="-65.84712096489966">
        <ele>1579.53</ele>
      </trkpt>
      <trkpt lat="-25.970983989536762" lon="-65.8470549993217">
        <ele>1579.49</ele>
      </trkpt>
      <trkpt lat="-25.971033945679665" lon="-65.84704192355275">
        <ele>1579.53</ele>
      </trkpt>
      <trkpt lat="-25.97121499478817" lon="-65.84695693105459">
        <ele>1579.65</ele>
      </trkpt>
      <trkpt lat="-25.97123695537448" lon="-65.84694695658982">
        <ele>1579.74</ele>
      </trkpt>
      <trkpt lat="-25.971415992826223" lon="-65.84688099101186">
        <ele>1579.92</ele>
      </trkpt>
      <trkpt lat="-25.971458991989493" lon="-65.8468599524349">
        <ele>1580.09</ele>
      </trkpt>
      <trkpt lat="-25.971651943400502" lon="-65.84679499268532">
        <ele>1580.31</ele>
      </trkpt>
      <trkpt lat="-25.971697960048914" lon="-65.84677998907864">
        <ele>1580.51</ele>
      </trkpt>
      <trkpt lat="-25.971887977793813" lon="-65.84671796299517">
        <ele>1580.74</ele>
      </trkpt>
      <trkpt lat="-25.971984956413507" lon="-65.84667395800352">
        <ele>1580.99</ele>
      </trkpt>
      <trkpt lat="-25.971979927271605" lon="-65.84660899825394">
        <ele>1581.25</ele>
      </trkpt>
      <trkpt lat="-25.97203298471868" lon="-65.84651092998683">
        <ele>1581.54</ele>
      </trkpt>
      <trkpt lat="-25.9721199888736" lon="-65.84642895497382">
        <ele>1581.82</ele>
      </trkpt>
      <trkpt lat="-25.972043965011835" lon="-65.84634496830404">
        <ele>1582.14</ele>
      </trkpt>
      <trkpt lat="-25.971964923664927" lon="-65.84622695110738">
        <ele>1582.48</ele>
      </trkpt>
      <trkpt lat="-25.971973976120353" lon="-65.84611094556749">
        <ele>1582.83</ele>
      </trkpt>
      <trkpt lat="-25.971996942535043" lon="-65.84604497998953">
        <ele>1583.17</ele>
      </trkpt>
      <trkpt lat="-25.972103979438543" lon="-65.84589092060924">
        <ele>1583.5</ele>
      </trkpt>
      <trkpt lat="-25.97222493030131" lon="-65.8457359392196">
        <ele>1583.87</ele>
      </trkpt>
      <trkpt lat="-25.9722529258579" lon="-65.84569595754147">
        <ele>1584.26</ele>
      </trkpt>
      <trkpt lat="-25.97235694527626" lon="-65.84550795145333">
        <ele>1584.69</ele>
      </trkpt>
      <trkpt lat="-25.972363986074924" lon="-65.84548297338188">
        <ele>1585.11</ele>
      </trkpt>
      <trkpt lat="-25.972383935004473" lon="-65.84543595090508">
        <ele>1585.54</ele>
      </trkpt>
      <trkpt lat="-25.972455935552716" lon="-65.84530896507204">
        <ele>1586.03</ele>
      </trkpt>
      <trkpt lat="-25.97257093526423" lon="-65.84514694288373">
        <ele>1586.52</ele>
      </trkpt>
      <trkpt lat="-25.972583927214146" lon="-65.84512892179191">
        <ele>1586.97</ele>
      </trkpt>
      <trkpt lat="-25.972708985209465" lon="-65.84495893679559">
        <ele>1587.47</ele>
      </trkpt>
      <trkpt lat="-25.97274293191731" lon="-65.84492096677423">
        <ele>1587.93</ele>
      </trkpt>
      <trkpt lat="-25.972816944122314" lon="-65.84482197649777">
        <ele>1588.41</ele>
      </trkpt>
      <trkpt lat="-25.972895985469222" lon="-65.84472097456455">
        <ele>1588.88</ele>
      </trkpt>
      <trkpt lat="-25.97300394438207" lon="-65.84456096403301">
        <ele>1589.38</ele>
      </trkpt>
      <trkpt lat="-25.9731319360435" lon="-65.84441897459328">
        <ele>1589.83</ele>
      </trkpt>
      <trkpt lat="-25.973142916336656" lon="-65.8443989418447">
        <ele>1590.26</ele>
      </trkpt>
      <trkpt lat="-25.97325397655368" lon="-65.84422895684838">
        <ele>1590.67</ele>
      </trkpt>
      <trkpt lat="-25.973283983767033" lon="-65.84418998099864">
        <ele>1591.05</ele>
      </trkpt>
      <trkpt lat="-25.973391942679882" lon="-65.84405293688178">
        <ele>1591.47</ele>
      </trkpt>
      <trkpt lat="-25.973499985411763" lon="-65.84394598379731">
        <ele>1591.88</ele>
      </trkpt>
      <trkpt lat="-25.973614985123277" lon="-65.84381396882236">
        <ele>1592.24</ele>
      </trkpt>
      <trkpt lat="-25.973737947642803" lon="-65.84365898743272">
        <ele>1592.59</ele>
      </trkpt>
      <trkpt lat="-25.973757980391383" lon="-65.84364297799766">
        <ele>1592.92</ele>
      </trkpt>
      <trkpt lat="-25.973851941525936" lon="-65.8435199316591">
        <ele>1593.25</ele>
      </trkpt>
      <trkpt lat="-25.97396694123745" lon="-65.84341892972589">
        <ele>1593.55</ele>
      </trkpt>
      <trkpt lat="-25.97407598979771" lon="-65.84323595277965">
        <ele>1593.87</ele>
      </trkpt>
      <trkpt lat="-25.97409099340439" lon="-65.84321399219334">
        <ele>1594.17</ele>
      </trkpt>
      <trkpt lat="-25.97420792095363" lon="-65.84306093864143">
        <ele>1594.49</ele>
      </trkpt>
      <trkpt lat="-25.974237928166986" lon="-65.84301693364978">
        <ele>1594.79</ele>
      </trkpt>
      <trkpt lat="-25.974345970898867" lon="-65.84283798001707">
        <ele>1595.11</ele>
      </trkpt>
      <trkpt lat="-25.97439399920404" lon="-65.84277293644845">
        <ele>1595.4</ele>
      </trkpt>
      <trkpt lat="-25.974459964782" lon="-65.84271795116365">
        <ele>1595.69</ele>
      </trkpt>
      <trkpt lat="-25.974499946460128" lon="-65.84269993007183">
        <ele>1596.0</ele>
      </trkpt>
      <trkpt lat="-25.974512938410044" lon="-65.84268995560706">
        <ele>1596.29</ele>
      </trkpt>
      <trkpt lat="-25.97454898059368" lon="-65.84263899363577">
        <ele>1596.61</ele>
      </trkpt>
      <trkpt lat="-25.974618969485164" lon="-65.84257294423878">
        <ele>1596.93</ele>
      </trkpt>
      <trkpt lat="-25.9746309556067" lon="-65.84256196394563">
        <ele>1597.23</ele>
      </trkpt>
      <trkpt lat="-25.974667919799685" lon="-65.84244193509221">
        <ele>1597.54</ele>
      </trkpt>
      <trkpt lat="-25.974726928398013" lon="-65.84225694648921">
        <ele>1597.89</ele>
      </trkpt>
      <trkpt lat="-25.97473598085344" lon="-65.84204697981477">
        <ele>1598.24</ele>
      </trkpt>
      <trkpt lat="-25.97482591867447" lon="-65.84187397733331">
        <ele>1598.55</ele>
      </trkpt>
      <trkpt lat="-25.974873946979642" lon="-65.84167792461812">
        <ele>1598.86</ele>
      </trkpt>
      <trkpt lat="-25.97493597306311" lon="-65.84151095710695">
        <ele>1599.19</ele>
      </trkpt>
      <trkpt lat="-25.974987940862775" lon="-65.84132999181747">
        <ele>1599.56</ele>
      </trkpt>
      <trkpt lat="-25.97499992698431" lon="-65.84130492992699">
        <ele>1599.9</ele>
      </trkpt>
      <trkpt lat="-25.975012918934226" lon="-65.84128095768392">
        <ele>1600.24</ele>
      </trkpt>
      <trkpt lat="-25.975090954452753" lon="-65.84107995964587">
        <ele>1600.64</ele>
      </trkpt>
      <trkpt lat="-25.975138982757926" lon="-65.84095791913569">
        <ele>1601.02</ele>
      </trkpt>
      <trkpt lat="-25.97518893890083" lon="-65.84080193191767">
        <ele>1601.4</ele>
      </trkpt>
      <trkpt lat="-25.97523495554924" lon="-65.8407089766115">
        <ele>1601.78</ele>
      </trkpt>
      <trkpt lat="-25.97532195970416" lon="-65.8405139297247">
        <ele>1602.15</ele>
      </trkpt>
      <trkpt lat="-25.975334951654077" lon="-65.84049196913838">
        <ele>1602.52</ele>
      </trkpt>
      <trkpt lat="-25.975391948595643" lon="-65.84027697332203">
        <ele>1602.9</ele>
      </trkpt>
      <trkpt lat="-25.975445928052068" lon="-65.84009693004191">
        <ele>1603.31</ele>
      </trkpt>
      <trkpt lat="-25.975518934428692" lon="-65.83990892395377">
        <ele>1603.73</ele>
      </trkpt>
      <trkpt lat="-25.975541984662414" lon="-65.83985695615411">
        <ele>1604.15</ele>
      </trkpt>
      <trkpt lat="-25.975651955232024" lon="-65.83969292230904">
        <ele>1604.6</ele>
      </trkpt>
      <trkpt lat="-25.975673999637365" lon="-65.83964095450938">
        <ele>1605.04</ele>
      </trkpt>
      <trkpt lat="-25.975715992972255" lon="-65.83943392150104">
        <ele>1605.52</ele>
      </trkpt>
      <trkpt lat="-25.975758992135525" lon="-65.83922797814012">
        <ele>1606.0</ele>
      </trkpt>
      <trkpt lat="-25.975761925801635" lon="-65.83919998258352">
        <ele>1606.45</ele>
      </trkpt>
      <trkpt lat="-25.975832920521498" lon="-65.83899797871709">
        <ele>1606.93</ele>
      </trkpt>
      <trkpt lat="-25.975844990462065" lon="-65.83894693292677">
        <ele>1607.4</ele>
      </trkpt>
      <trkpt lat="-25.97585395909846" lon="-65.83878893405199">
        <ele>1607.88</ele>
      </trkpt>
      <trkpt lat="-25.975860999897122" lon="-65.8386499620974">
        <ele>1608.35</ele>
      </trkpt>
      <trkpt lat="-25.975866951048374" lon="-65.83859598264098">
        <ele>1608.83</ele>
      </trkpt>
      <trkpt lat="-25.97587893716991" lon="-65.83839791826904">
        <ele>1609.34</ele>
      </trkpt>
      <trkpt lat="-25.975905926898122" lon="-65.83817797712982">
        <ele>1609.82</ele>
      </trkpt>
      <trkpt lat="-25.975930988788605" lon="-65.83802592940629">
        <ele>1610.29</ele>
      </trkpt>
      <trkpt lat="-25.976021932438016" lon="-65.83786692470312">
        <ele>1610.77</ele>
      </trkpt>
      <trkpt lat="-25.976055962964892" lon="-65.83766693249345">
        <ele>1611.26</ele>
      </trkpt>
      <trkpt lat="-25.976103991270065" lon="-65.83752494305372">
        <ele>1611.78</ele>
      </trkpt>
      <trkpt lat="-25.97617599181831" lon="-65.8373499289155">
        <ele>1612.25</ele>
      </trkpt>
      <trkpt lat="-25.976238939911127" lon="-65.83714893087745">
        <ele>1612.73</ele>
      </trkpt>
      <trkpt lat="-25.976296942681074" lon="-65.83694499917328">
        <ele>1613.18</ele>
      </trkpt>
      <trkpt lat="-25.97632694989443" lon="-65.83690099418163">
        <ele>1613.57</ele>
      </trkpt>
      <trkpt lat="-25.9763509221375" lon="-65.83682597614825">
        <ele>1613.94</ele>
      </trkpt>
      <trkpt lat="-25.976377995684743" lon="-65.83671793341637">
        <ele>1614.29</ele>
      </trkpt>
      <trkpt lat="-25.976451924070716" lon="-65.83650696091354">
        <ele>1614.59</ele>
      </trkpt>
      <trkpt lat="-25.976515961810946" lon="-65.83633194677532">
        <ele>1614.91</ele>
      </trkpt>
      <trkpt lat="-25.976599948480725" lon="-65.83614494651556">
        <ele>1615.18</ele>
      </trkpt>
      <trkpt lat="-25.97663096152246" lon="-65.83610295318067">
        <ele>1615.43</ele>
      </trkpt>
      <trkpt lat="-25.976756941527128" lon="-65.83597797900438">
        <ele>1615.63</ele>
      </trkpt>
      <trkpt lat="-25.976849980652332" lon="-65.83593095652759">
        <ele>1615.82</ele>
      </trkpt>
      <trkpt lat="-25.976873952895403" lon="-65.83592399954796">
        <ele>1616.0</ele>
      </trkpt>
      <trkpt lat="-25.976884933188558" lon="-65.83592098206282">
        <ele>1616.15</ele>
      </trkpt>
      <trkpt lat="-25.97699892707169" lon="-65.83589692600071">
        <ele>1616.29</ele>
      </trkpt>
      <trkpt lat="-25.977119961753488" lon="-65.83586792461574">
        <ele>1616.41</ele>
      </trkpt>
      <trkpt lat="-25.977141922339797" lon="-65.83585694432259">
        <ele>1616.5</ele>
      </trkpt>
      <trkpt lat="-25.977162960916758" lon="-65.83584596402943">
        <ele>1616.56</ele>
      </trkpt>
      <trkpt lat="-25.97731693647802" lon="-65.83575191907585">
        <ele>1616.63</ele>
      </trkpt>
      <trkpt lat="-25.97738399170339" lon="-65.8357039745897">
        <ele>1616.67</ele>
      </trkpt>
      <trkpt lat="-25.977539978921413" lon="-65.83558897487819">
        <ele>1616.64</ele>
      </trkpt>
      <trkpt lat="-25.977560933679342" lon="-65.83556693047285">
        <ele>1616.6</ele>
      </trkpt>
      <trkpt lat="-25.977711975574493" lon="-65.83544597961009">
        <ele>1616.53</ele>
      </trkpt>
      <trkpt lat="-25.97787592560053" lon="-65.8353709615767">
        <ele>1616.44</ele>
      </trkpt>
      <trkpt lat="-25.978035936132073" lon="-65.83530499599874">
        <ele>1616.38</ele>
      </trkpt>
      <trkpt lat="-25.97818194888532" lon="-65.83518496714532">
        <ele>1616.24</ele>
      </trkpt>
      <trkpt lat="-25.9782019816339" lon="-65.83516795188189">
        <ele>1616.08</ele>
      </trkpt>
      <trkpt lat="-25.97828295081854" lon="-65.83505496382713">
        <ele>1615.92</ele>
      </trkpt>
      <trkpt lat="-25.97841496579349" lon="-65.83491398021579">
        <ele>1615.75</ele>
      </trkpt>
      <trkpt lat="-25.97843793220818" lon="-65.83489897660911">
        <ele>1615.53</ele>
      </trkpt>
      <trkpt lat="-25.97860892303288" lon="-65.83480392582715">
        <ele>1615.25</ele>
      </trkpt>
      <trkpt lat="-25.978633984923363" lon="-65.83479495719075">
        <ele>1614.99</ele>
      </trkpt>
      <trkpt lat="-25.978804975748062" lon="-65.83470392972231">
        <ele>1614.65</ele>
      </trkpt>
      <trkpt lat="-25.97886398434639" lon="-65.83464198745787">
        <ele>1614.33</ele>
      </trkpt>
      <trkpt lat="-25.978973954916" lon="-65.83446295000613">
        <ele>1613.98</ele>
      </trkpt>
      <trkpt lat="-25.979085937142372" lon="-65.83428198471665">
        <ele>1613.69</ele>
      </trkpt>
      <trkpt lat="-25.979112926870584" lon="-65.83418793976307">
        <ele>1613.39</ele>
      </trkpt>
      <trkpt lat="-25.979157937690616" lon="-65.83399398252368">
        <ele>1613.09</ele>
      </trkpt>
      <trkpt lat="-25.9791829995811" lon="-65.83392893895507">
        <ele>1612.75</ele>
      </trkpt>
      <trkpt lat="-25.97931493073702" lon="-65.83376096561551">
        <ele>1612.37</ele>
      </trkpt>
      <trkpt lat="-25.979476952925324" lon="-65.83365191705525">
        <ele>1611.96</ele>
      </trkpt>
      <trkpt lat="-25.979605950415134" lon="-65.83356399089098">
        <ele>1611.59</ele>
      </trkpt>
      <trkpt lat="-25.97968096844852" lon="-65.8334699459374">
        <ele>1611.26</ele>
      </trkpt>
      <trkpt lat="-25.97981298342347" lon="-65.83330297842622">
        <ele>1610.95</ele>
      </trkpt>
      <trkpt lat="-25.979861933737993" lon="-65.8332379348576">
        <ele>1610.65</ele>
      </trkpt>
      <trkpt lat="-25.979998977854848" lon="-65.83309091627598">
        <ele>1610.37</ele>
      </trkpt>
      <trkpt lat="-25.9801119659096" lon="-65.8329979609698">
        <ele>1610.08</ele>
      </trkpt>
      <trkpt lat="-25.980272982269526" lon="-65.83287692628801">
        <ele>1609.77</ele>
      </trkpt>
      <trkpt lat="-25.980336936190724" lon="-65.83281791768968">
        <ele>1609.48</ele>
      </trkpt>
      <trkpt lat="-25.98047791980207" lon="-65.83268196322024">
        <ele>1609.16</ele>
      </trkpt>
      <trkpt lat="-25.98053894005716" lon="-65.83262496627867">
        <ele>1608.91</ele>
      </trkpt>
      <trkpt lat="-25.98066793754697" lon="-65.83253796212375">
        <ele>1608.67</ele>
      </trkpt>
      <trkpt lat="-25.980684952810407" lon="-65.83254198543727">
        <ele>1608.49</ele>
      </trkpt>
      <trkpt lat="-25.980701968073845" lon="-65.83255095407367">
        <ele>1608.34</ele>
      </trkpt>
      <trkpt lat="-25.980703979730606" lon="-65.83255397155881">
        <ele>1608.21</ele>
      </trkpt>
      <trkpt lat="-25.980707919225097" lon="-65.83255497738719">
        <ele>1608.11</ele>
      </trkpt>
      <trkpt lat="-25.980708925053477" lon="-65.83255497738719">
        <ele>1608.03</ele>
      </trkpt>
      <trkpt lat="-25.98073096945882" lon="-65.83260199986398">
        <ele>1607.98</ele>
      </trkpt>
      <trkpt lat="-25.980782937258482" lon="-65.8327199332416">
        <ele>1607.99</ele>
      </trkpt>
      <trkpt lat="-25.980794923380017" lon="-65.83277693018317">
        <ele>1608.0</ele>
      </trkpt>
      <trkpt lat="-25.980805987492204" lon="-65.83279495127499">
        <ele>1608.0</ele>
      </trkpt>
      <trkpt lat="-25.980830965563655" lon="-65.83280098624527">
        <ele>1608.02</ele>
      </trkpt>
      <trkpt lat="-25.980835994705558" lon="-65.83279495127499">
        <ele>1608.04</ele>
      </trkpt>
      <trkpt lat="-25.980851920321584" lon="-65.83273493684828">
        <ele>1608.06</ele>
      </trkpt>
      <trkpt lat="-25.980854937806726" lon="-65.83273191936314">
        <ele>1608.1</ele>
      </trkpt>
      <trkpt lat="-25.980876982212067" lon="-65.83272596821189">
        <ele>1608.15</ele>
      </trkpt>
      <trkpt lat="-25.980911934748292" lon="-65.83271599374712">
        <ele>1608.21</ele>
      </trkpt>
      <trkpt lat="-25.980954933911562" lon="-65.83274994045496">
        <ele>1608.28</ele>
      </trkpt>
      <trkpt lat="-25.98096893168986" lon="-65.83275999873877">
        <ele>1608.35</ele>
      </trkpt>
      <trkpt lat="-25.98099399358034" lon="-65.8327719848603">
        <ele>1608.42</ele>
      </trkpt>
      <trkpt lat="-25.981005979701877" lon="-65.83277097903192">
        <ele>1608.48</ele>
      </trkpt>
      <trkpt lat="-25.98101394250989" lon="-65.8327669557184">
        <ele>1608.53</ele>
      </trkpt>
      <trkpt lat="-25.9810599591583" lon="-65.83275496959686">
        <ele>1608.59</ele>
      </trkpt>
      <trkpt lat="-25.981085943058133" lon="-65.83276796154678">
        <ele>1608.64</ele>
      </trkpt>
      <trkpt lat="-25.981083931401372" lon="-65.83276494406164">
        <ele>1608.67</ele>
      </trkpt>
      <trkpt lat="-25.981088960543275" lon="-65.83276393823326">
        <ele>1608.7</ele>
      </trkpt>
      <trkpt lat="-25.981148974969983" lon="-65.83277097903192">
        <ele>1608.73</ele>
      </trkpt>
      <trkpt lat="-25.981338992714882" lon="-65.83279696293175">
        <ele>1608.78</ele>
      </trkpt>
      <trkpt lat="-25.981382997706532" lon="-65.83278296515346">
        <ele>1608.77</ele>
      </trkpt>
      <trkpt lat="-25.981412921100855" lon="-65.83275698125362">
        <ele>1608.75</ele>
      </trkpt>
      <trkpt lat="-25.98144292831421" lon="-65.83272295072675">
        <ele>1608.73</ele>
      </trkpt>
      <trkpt lat="-25.981448963284492" lon="-65.83268992602825">
        <ele>1608.7</ele>
      </trkpt>
      <trkpt lat="-25.981454998254776" lon="-65.83263795822859">
        <ele>1608.66</ele>
      </trkpt>
      <trkpt lat="-25.98146497271955" lon="-65.83257593214512">
        <ele>1608.6</ele>
      </trkpt>
      <trkpt lat="-25.98146497271955" lon="-65.83254994824529">
        <ele>1608.55</ele>
      </trkpt>
      <trkpt lat="-25.98146396689117" lon="-65.832498986274">
        <ele>1608.5</ele>
      </trkpt>
      <trkpt lat="-25.98146296106279" lon="-65.83241399377584">
        <ele>1608.44</ele>
      </trkpt>
      <trkpt lat="-25.981474947184324" lon="-65.83235699683428">
        <ele>1608.41</ele>
      </trkpt>
      <trkpt lat="-25.98148592747748" lon="-65.83230695687234">
        <ele>1608.39</ele>
      </trkpt>
      <trkpt lat="-25.981500931084156" lon="-65.83227594383061">
        <ele>1608.4</ele>
      </trkpt>
      <trkpt lat="-25.981542924419045" lon="-65.832239985466">
        <ele>1608.41</ele>
      </trkpt>
      <trkpt lat="-25.981583995744586" lon="-65.83222196437418">
        <ele>1608.46</ele>
      </trkpt>
      <trkpt lat="-25.98174492828548" lon="-65.83211199380457">
        <ele>1608.52</ele>
      </trkpt>
      <trkpt lat="-25.981823969632387" lon="-65.83203798159957">
        <ele>1608.6</ele>
      </trkpt>
      <trkpt lat="-25.981886917725205" lon="-65.83195793442428">
        <ele>1608.64</ele>
      </trkpt>
      <trkpt lat="-25.98196193575859" lon="-65.83189993165433">
        <ele>1608.74</ele>
      </trkpt>
      <trkpt lat="-25.98197794519365" lon="-65.83189096301794">
        <ele>1608.93</ele>
      </trkpt>
      <trkpt lat="-25.981996972113848" lon="-65.83185299299657">
        <ele>1609.14</ele>
      </trkpt>
      <trkpt lat="-25.982016921043396" lon="-65.83182692527771">
        <ele>1609.38</ele>
      </trkpt>
      <trkpt lat="-25.98213393241167" lon="-65.83174394443631">
        <ele>1609.71</ele>
      </trkpt>
      <trkpt lat="-25.98221791908145" lon="-65.83169499412179">
        <ele>1610.05</ele>
      </trkpt>
      <trkpt lat="-25.982233928516507" lon="-65.83168292418122">
        <ele>1610.37</ele>
      </trkpt>
      <trkpt lat="-25.982243986800313" lon="-65.83166792057455">
        <ele>1610.7</ele>
      </trkpt>
      <trkpt lat="-25.98234691657126" lon="-65.83154998719692">
        <ele>1611.08</ele>
      </trkpt>
      <trkpt lat="-25.982481949031353" lon="-65.83148997277021">
        <ele>1611.55</ele>
      </trkpt>
      <trkpt lat="-25.982632990926504" lon="-65.83141394890845">
        <ele>1612.04</ele>
      </trkpt>
      <trkpt lat="-25.982746984809637" lon="-65.8313199877739">
        <ele>1612.44</ele>
      </trkpt>
      <trkpt lat="-25.982758970931172" lon="-65.83130498416722">
        <ele>1612.81</ele>
      </trkpt>
      <trkpt lat="-25.982810938730836" lon="-65.83123792894185">
        <ele>1613.19</ele>
      </trkpt>
      <trkpt lat="-25.98283499479294" lon="-65.83121093921363">
        <ele>1613.54</ele>
      </trkpt>
      <trkpt lat="-25.982892997562885" lon="-65.8312179800123">
        <ele>1613.92</ele>
      </trkpt>
      <trkpt lat="-25.982983941212296" lon="-65.8311989530921">
        <ele>1614.25</ele>
      </trkpt>
      <trkpt lat="-25.9830079972744" lon="-65.83118193782866">
        <ele>1614.51</ele>
      </trkpt>
      <trkpt lat="-25.98305895924568" lon="-65.83113793283701">
        <ele>1614.72</ele>
      </trkpt>
      <trkpt lat="-25.983047978952527" lon="-65.83114296197891">
        <ele>1614.96</ele>
      </trkpt>
      <trkpt lat="-25.98310195840895" lon="-65.83112292923033">
        <ele>1615.14</ele>
      </trkpt>
      <trkpt lat="-25.983150992542505" lon="-65.83109292201698">
        <ele>1615.3</ele>
      </trkpt>
      <trkpt lat="-25.983259957283735" lon="-65.83105696365237">
        <ele>1615.41</ele>
      </trkpt>
      <trkpt lat="-25.983287952840328" lon="-65.83104891702533">
        <ele>1615.49</ele>
      </trkpt>
      <trkpt lat="-25.98335894756019" lon="-65.83104296587408">
        <ele>1615.56</ele>
      </trkpt>
      <trkpt lat="-25.983435977250338" lon="-65.83103994838893">
        <ele>1615.6</ele>
      </trkpt>
      <trkpt lat="-25.98346095532179" lon="-65.83102997392416">
        <ele>1615.6</ele>
      </trkpt>
      <trkpt lat="-25.983451986685395" lon="-65.83104992285371">
        <ele>1615.56</ele>
      </trkpt>
      <trkpt lat="-25.983450980857015" lon="-65.8310609869659">
        <ele>1615.49</ele>
      </trkpt>
      <trkpt lat="-25.983450980857015" lon="-65.83106199279428">
        <ele>1615.37</ele>
      </trkpt>
      <trkpt lat="-25.9834689181298" lon="-65.83108093589544">
        <ele>1615.23</ele>
      </trkpt>
      <trkpt lat="-25.983470929786563" lon="-65.83108194172382">
        <ele>1615.04</ele>
      </trkpt>
      <trkpt lat="-25.983516946434975" lon="-65.83112594671547">
        <ele>1614.8</ele>
      </trkpt>
      <trkpt lat="-25.98359095863998" lon="-65.83122694864869">
        <ele>1614.53</ele>
      </trkpt>
      <trkpt lat="-25.98365692421794" lon="-65.83135292865336">
        <ele>1614.18</ele>
      </trkpt>
      <trkpt lat="-25.983661953359842" lon="-65.83137195557356">
        <ele>1613.85</ele>
      </trkpt>
      <trkpt lat="-25.98369598388672" lon="-65.83157496526837">
        <ele>1613.44</ele>
      </trkpt>
      <trkpt lat="-25.983747951686382" lon="-65.83166792057455">
        <ele>1613.0</ele>
      </trkpt>
      <trkpt lat="-25.98382699303329" lon="-65.83176699467003">
        <ele>1612.54</ele>
      </trkpt>
      <trkpt lat="-25.9838489536196" lon="-65.83178794942796">
        <ele>1612.09</ele>
      </trkpt>
      <trkpt lat="-25.983883989974856" lon="-65.83183396607637">
        <ele>1611.61</ele>
      </trkpt>
      <trkpt lat="-25.983983986079693" lon="-65.83190496079624">
        <ele>1611.09</ele>
      </trkpt>
      <trkpt lat="-25.98410996608436" lon="-65.83195894025266">
        <ele>1610.54</ele>
      </trkpt>
      <trkpt lat="-25.984135949984193" lon="-65.8319709263742">
        <ele>1610.01</ele>
      </trkpt>
      <trkpt lat="-25.984185989946127" lon="-65.83200395107269">
        <ele>1609.46</ele>
      </trkpt>
      <trkpt lat="-25.98423896357417" lon="-65.83206295967102">
        <ele>1608.9</ele>
      </trkpt>
      <trkpt lat="-25.984307946637273" lon="-65.83210294134915">
        <ele>1608.32</ele>
      </trkpt>
      <trkpt lat="-25.984413977712393" lon="-65.832099923864">
        <ele>1607.71</ele>
      </trkpt>
      <trkpt lat="-25.984447924420238" lon="-65.83208492025733">
        <ele>1607.12</ele>
      </trkpt>
      <trkpt lat="-25.984568959102035" lon="-65.8320589363575">
        <ele>1606.48</ele>
      </trkpt>
      <trkpt lat="-25.984584968537092" lon="-65.83206991665065">
        <ele>1605.89</ele>
      </trkpt>
      <trkpt lat="-25.984680941328406" lon="-65.83206195384264">
        <ele>1605.26</ele>
      </trkpt>
      <trkpt lat="-25.98479795269668" lon="-65.83193195052445">
        <ele>1604.53</ele>
      </trkpt>
      <trkpt lat="-25.984855955466628" lon="-65.83190093748271">
        <ele>1603.9</ele>
      </trkpt>
      <trkpt lat="-25.984929967671633" lon="-65.83195592276752">
        <ele>1603.35</ele>
      </trkpt>
      <trkpt lat="-25.985039938241243" lon="-65.83194393664598">
        <ele>1602.77</ele>
      </trkpt>
      <trkpt lat="-25.985102970153093" lon="-65.8319399971515">
        <ele>1602.18</ele>
      </trkpt>
      <trkpt lat="-25.985132977366447" lon="-65.83191996440291">
        <ele>1601.57</ele>
      </trkpt>
      <trkpt lat="-25.98528795875609" lon="-65.83185592666268">
        <ele>1600.97</ele>
      </trkpt>
      <trkpt lat="-25.98539499565959" lon="-65.83181192167103">
        <ele>1600.36</ele>
      </trkpt>
      <trkpt lat="-25.985531955957413" lon="-65.83184494636953">
        <ele>1599.76</ele>
      </trkpt>
      <trkpt lat="-25.985731948167086" lon="-65.8318829163909">
        <ele>1599.12</ele>
      </trkpt>
      <trkpt lat="-25.985821969807148" lon="-65.83191392943263">
        <ele>1598.46</ele>
      </trkpt>
      <trkpt lat="-25.98584996536374" lon="-65.83194594830275">
        <ele>1597.82</ele>
      </trkpt>
      <trkpt lat="-25.98588994704187" lon="-65.83198592998087">
        <ele>1597.17</ele>
      </trkpt>
      <trkpt lat="-25.98589397035539" lon="-65.83198299631476">
        <ele>1596.48</ele>
      </trkpt>
      <trkpt lat="-25.985895982012153" lon="-65.83196992054582">
        <ele>1595.77</ele>
      </trkpt>
      <trkpt lat="-25.98595993593335" lon="-65.8319399971515">
        <ele>1594.97</ele>
      </trkpt>
      <trkpt lat="-25.986008970066905" lon="-65.83192398771644">
        <ele>1594.16</ele>
      </trkpt>
      <trkpt lat="-25.986094968393445" lon="-65.83190998993814">
        <ele>1593.3</ele>
      </trkpt>
      <trkpt lat="-25.986120952293277" lon="-65.83190998993814">
        <ele>1592.49</ele>
      </trkpt>
      <trkpt lat="-25.986157916486263" lon="-65.83190998993814">
        <ele>1591.65</ele>
      </trkpt>
      <trkpt lat="-25.98623494617641" lon="-65.83195793442428">
        <ele>1590.79</ele>
      </trkpt>
      <trkpt lat="-25.98625598475337" lon="-65.83196992054582">
        <ele>1589.92</ele>
      </trkpt>
      <trkpt lat="-25.98632396198809" lon="-65.83201392553747">
        <ele>1588.99</ele>
      </trkpt>
      <trkpt lat="-25.986360926181078" lon="-65.8320589363575">
        <ele>1588.07</ele>
      </trkpt>
      <trkpt lat="-25.986390933394432" lon="-65.83207695744932">
        <ele>1587.12</ele>
      </trkpt>
      <trkpt lat="-25.98642798140645" lon="-65.8320969901979">
        <ele>1586.16</ele>
      </trkpt>
      <trkpt lat="-25.986446924507618" lon="-65.8321109879762">
        <ele>1585.2</ele>
      </trkpt>
      <trkpt lat="-25.98651599138975" lon="-65.83213697187603">
        <ele>1584.17</ele>
      </trkpt>
      <trkpt lat="-25.986559996381402" lon="-65.83214895799756">
        <ele>1583.18</ele>
      </trkpt>
      <trkpt lat="-25.986631996929646" lon="-65.83215993829072">
        <ele>1582.17</ele>
      </trkpt>
      <trkpt lat="-25.986704919487238" lon="-65.83215298131108">
        <ele>1581.13</ele>
      </trkpt>
      <trkpt lat="-25.9867309872061" lon="-65.83216899074614">
        <ele>1580.18</ele>
      </trkpt>
      <trkpt lat="-25.986873982474208" lon="-65.83217494189739">
        <ele>1579.12</ele>
      </trkpt>
      <trkpt lat="-25.986953945830464" lon="-65.83218399435282">
        <ele>1578.16</ele>
      </trkpt>
      <trkpt lat="-25.987000968307257" lon="-65.83219497464597">
        <ele>1577.28</ele>
      </trkpt>
      <trkpt lat="-25.9870729688555" lon="-65.8322299271822">
        <ele>1576.41</ele>
      </trkpt>
      <trkpt lat="-25.987162990495563" lon="-65.83231198601425">
        <ele>1575.53</ele>
      </trkpt>
      <trkpt lat="-25.987281929701567" lon="-65.83237593993545">
        <ele>1574.65</ele>
      </trkpt>
      <trkpt lat="-25.987303974106908" lon="-65.83237694576383">
        <ele>1573.91</ele>
      </trkpt>
      <trkpt lat="-25.987345967441797" lon="-65.83236797712743">
        <ele>1573.2</ele>
      </trkpt>
      <trkpt lat="-25.987385949119925" lon="-65.83233998157084">
        <ele>1572.56</ele>
      </trkpt>
      <trkpt lat="-25.987403970211744" lon="-65.83232196047902">
        <ele>1571.95</ele>
      </trkpt>
      <trkpt lat="-25.987498937174678" lon="-65.83217393606901">
        <ele>1571.37</ele>
      </trkpt>
      <trkpt lat="-25.9875859413296" lon="-65.83207092247903">
        <ele>1570.84</ele>
      </trkpt>
      <trkpt lat="-25.98760798573494" lon="-65.83204192109406">
        <ele>1570.37</ele>
      </trkpt>
      <trkpt lat="-25.987682919949293" lon="-65.83196296356618">
        <ele>1569.92</ele>
      </trkpt>
      <trkpt lat="-25.987721979618073" lon="-65.83189993165433">
        <ele>1569.54</ele>
      </trkpt>
      <trkpt lat="-25.987792974337935" lon="-65.83175299689174">
        <ele>1569.21</ele>
      </trkpt>
      <trkpt lat="-25.987926917150617" lon="-65.83161394111812">
        <ele>1568.92</ele>
      </trkpt>
      <trkpt lat="-25.987944938242435" lon="-65.8315649908036">
        <ele>1568.68</ele>
      </trkpt>
      <trkpt lat="-25.988022973760962" lon="-65.83137597888708">
        <ele>1568.48</ele>
      </trkpt>
      <trkpt lat="-25.988049963489175" lon="-65.83132392726839">
        <ele>1568.28</ele>
      </trkpt>
      <trkpt lat="-25.988069996237755" lon="-65.83130397833884">
        <ele>1568.1</ele>
      </trkpt>
      <trkpt lat="-25.988156916573644" lon="-65.83125695586205">
        <ele>1567.92</ele>
      </trkpt>
      <trkpt lat="-25.98830192349851" lon="-65.8312869630754">
        <ele>1567.78</ele>
      </trkpt>
      <trkpt lat="-25.988435950130224" lon="-65.8313059899956">
        <ele>1567.67</ele>
      </trkpt>
      <trkpt lat="-25.98848699592054" lon="-65.83129894919693">
        <ele>1567.58</ele>
      </trkpt>
      <trkpt lat="-25.988630997017026" lon="-65.83125192672014">
        <ele>1567.48</ele>
      </trkpt>
      <trkpt lat="-25.988709954544902" lon="-65.83120993338525">
        <ele>1567.4</ele>
      </trkpt>
      <trkpt lat="-25.988755971193314" lon="-65.83114195615053">
        <ele>1567.34</ele>
      </trkpt>
      <trkpt lat="-25.988776925951242" lon="-65.83114497363567">
        <ele>1567.27</ele>
      </trkpt>
      <trkpt lat="-25.988935930654407" lon="-65.83115997724235">
        <ele>1567.2</ele>
      </trkpt>
      <trkpt lat="-25.988977923989296" lon="-65.8311519306153">
        <ele>1567.13</ele>
      </trkpt>
      <trkpt lat="-25.989039950072765" lon="-65.83111898973584">
        <ele>1567.07</ele>
      </trkpt>
      <trkpt lat="-25.989118991419673" lon="-65.83101698197424">
        <ele>1567.01</ele>
      </trkpt>
      <trkpt lat="-25.989125948399305" lon="-65.83099192008376">
        <ele>1566.92</ele>
      </trkpt>
      <trkpt lat="-25.989189986139536" lon="-65.83088094368577">
        <ele>1566.81</ele>
      </trkpt>
      <trkpt lat="-25.98922493867576" lon="-65.83083299919963">
        <ele>1566.7</ele>
      </trkpt>
      <trkpt lat="-25.989292999729514" lon="-65.83081095479429">
        <ele>1566.57</ele>
      </trkpt>
      <trkpt lat="-25.989471953362226" lon="-65.83085998892784">
        <ele>1566.4</ele>
      </trkpt>
      <trkpt lat="-25.98964998498559" lon="-65.83090793341398">
        <ele>1566.22</ele>
      </trkpt>
      <trkpt lat="-25.989679992198944" lon="-65.83091497421265">
        <ele>1566.07</ele>
      </trkpt>
      <trkpt lat="-25.989728942513466" lon="-65.83090198226273">
        <ele>1565.91</ele>
      </trkpt>
      <trkpt lat="-25.989731959998608" lon="-65.83088697865605">
        <ele>1565.78</ele>
      </trkpt>
      <trkpt lat="-25.98975593224168" lon="-65.83077994175255">
        <ele>1565.62</ele>
      </trkpt>
      <trkpt lat="-25.989763978868723" lon="-65.83078497089446">
        <ele>1565.48</ele>
      </trkpt>
      <trkpt lat="-25.989762973040342" lon="-65.83078497089446">
        <ele>1565.34</ele>
      </trkpt>
      <trkpt lat="-25.989792980253696" lon="-65.83070592954755">
        <ele>1565.18</ele>
      </trkpt>
      <trkpt lat="-25.989813935011625" lon="-65.83053896203637">
        <ele>1565.02</ele>
      </trkpt>
      <trkpt lat="-25.989828938618302" lon="-65.83043393678963">
        <ele>1564.88</ele>
      </trkpt>
      <trkpt lat="-25.98982592113316" lon="-65.83037693984807">
        <ele>1564.74</ele>
      </trkpt>
      <trkpt lat="-25.98982499912381" lon="-65.83035196177661">
        <ele>1564.6</ele>
      </trkpt>
      <trkpt lat="-25.989808989688754" lon="-65.83024693652987">
        <ele>1564.48</ele>
      </trkpt>
      <trkpt lat="-25.98982198163867" lon="-65.83012799732387">
        <ele>1564.33</ele>
      </trkpt>
      <trkpt lat="-25.9899119194597" lon="-65.82996698096395">
        <ele>1564.18</ele>
      </trkpt>
      <trkpt lat="-25.989962965250015" lon="-65.82985298708081">
        <ele>1564.05</ele>
      </trkpt>
      <trkpt lat="-25.98999892361462" lon="-65.82979791797698">
        <ele>1563.92</ele>
      </trkpt>
      <trkpt lat="-25.99001694470644" lon="-65.8297879435122">
        <ele>1563.79</ele>
      </trkpt>
      <trkpt lat="-25.990151977166533" lon="-65.82974997349083">
        <ele>1563.63</ele>
      </trkpt>
      <trkpt lat="-25.990173937752843" lon="-65.82974595017731">
        <ele>1563.51</ele>
      </trkpt>
      <trkpt lat="-25.990248955786228" lon="-65.82973999902606">
        <ele>1563.4</ele>
      </trkpt>
      <trkpt lat="-25.99025792442262" lon="-65.82973597571254">
        <ele>1563.29</ele>
      </trkpt>
      <trkpt lat="-25.99031592719257" lon="-65.8297329582274">
        <ele>1563.19</ele>
      </trkpt>
      <trkpt lat="-25.990457916632295" lon="-65.82975894212723">
        <ele>1563.07</ele>
      </trkpt>
      <trkpt lat="-25.990503933280706" lon="-65.829768916592">
        <ele>1562.97</ele>
      </trkpt>
      <trkpt lat="-25.99057693965733" lon="-65.8297739457339">
        <ele>1562.87</ele>
      </trkpt>
      <trkpt lat="-25.990607952699065" lon="-65.82978392019868">
        <ele>1562.77</ele>
      </trkpt>
      <trkpt lat="-25.990650951862335" lon="-65.82978593185544">
        <ele>1562.68</ele>
      </trkpt>
      <trkpt lat="-25.990741979330778" lon="-65.82973999902606">
        <ele>1562.59</ele>
      </trkpt>
      <trkpt lat="-25.99079193547368" lon="-65.82965391688049">
        <ele>1562.5</ele>
      </trkpt>
      <trkpt lat="-25.99079294130206" lon="-65.82959197461605">
        <ele>1562.42</ele>
      </trkpt>
      <trkpt lat="-25.99079394713044" lon="-65.82955098710954">
        <ele>1562.35</ele>
      </trkpt>
      <trkpt lat="-25.990814985707402" lon="-65.82949197851121">
        <ele>1562.26</ele>
      </trkpt>
      <trkpt lat="-25.990841975435615" lon="-65.82943699322641">
        <ele>1562.18</ele>
      </trkpt>
      <trkpt lat="-25.99085194990039" lon="-65.82943397574127">
        <ele>1562.09</ele>
      </trkpt>
      <trkpt lat="-25.99085396155715" lon="-65.82942995242774">
        <ele>1561.99</ele>
      </trkpt>
      <trkpt lat="-25.990860918536782" lon="-65.82942592911422">
        <ele>1561.89</ele>
      </trkpt>
      <trkpt lat="-25.990881957113743" lon="-65.82941494882107">
        <ele>1561.78</ele>
      </trkpt>
      <trkpt lat="-25.991065939888358" lon="-65.82939692772925">
        <ele>1561.67</ele>
      </trkpt>
      <trkpt lat="-25.99111296236515" lon="-65.82941092550755">
        <ele>1561.54</ele>
      </trkpt>
      <trkpt lat="-25.991208935156465" lon="-65.82946297712624">
        <ele>1561.41</ele>
      </trkpt>
      <trkpt lat="-25.991225950419903" lon="-65.82947093993425">
        <ele>1561.27</ele>
      </trkpt>
      <trkpt lat="-25.991334998980165" lon="-65.82952299155295">
        <ele>1561.08</ele>
      </trkpt>
      <trkpt lat="-25.99135092459619" lon="-65.82953497767448">
        <ele>1560.92</ele>
      </trkpt>
      <trkpt lat="-25.991482939571142" lon="-65.82956993021071">
        <ele>1560.69</ele>
      </trkpt>
      <trkpt lat="-25.99156399257481" lon="-65.82954897545278">
        <ele>1560.48</ele>
      </trkpt>
      <trkpt lat="-25.991571955382824" lon="-65.82953598350286">
        <ele>1560.29</ele>
      </trkpt>
      <trkpt lat="-25.99160296842456" lon="-65.82942592911422">
        <ele>1560.1</ele>
      </trkpt>
      <trkpt lat="-25.99160992540419" lon="-65.8294049743563">
        <ele>1559.89</ele>
      </trkpt>
      <trkpt lat="-25.991620989516377" lon="-65.82938997074962">
        <ele>1559.67</ele>
      </trkpt>
      <trkpt lat="-25.991636998951435" lon="-65.82938292995095">
        <ele>1559.44</ele>
      </trkpt>
      <trkpt lat="-25.991639932617545" lon="-65.82937295548618">
        <ele>1559.2</ele>
      </trkpt>
      <trkpt lat="-25.991662982851267" lon="-65.82935895770788">
        <ele>1558.95</ele>
      </trkpt>
      <trkpt lat="-25.991706987842917" lon="-65.82938192412257">
        <ele>1558.68</ele>
      </trkpt>
      <trkpt lat="-25.99173297174275" lon="-65.82940095104277">
        <ele>1558.41</ele>
      </trkpt>
      <trkpt lat="-25.991806983947754" lon="-65.82944495603442">
        <ele>1558.12</ele>
      </trkpt>
      <trkpt lat="-25.991833973675966" lon="-65.8294509910047">
        <ele>1557.84</ele>
      </trkpt>
      <trkpt lat="-25.992000941187143" lon="-65.82946297712624">
        <ele>1557.51</ele>
      </trkpt>
      <trkpt lat="-25.992031954228878" lon="-65.82946197129786">
        <ele>1557.23</ele>
      </trkpt>
      <trkpt lat="-25.992093980312347" lon="-65.82946096546948">
        <ele>1556.93</ele>
      </trkpt>
      <trkpt lat="-25.992213925346732" lon="-65.82945895381272">
        <ele>1556.64</ele>
      </trkpt>
      <trkpt lat="-25.992390951141715" lon="-65.82948099821806">
        <ele>1556.34</ele>
      </trkpt>
      <trkpt lat="-25.99259295500815" lon="-65.82954897545278">
        <ele>1556.02</ele>
      </trkpt>
      <trkpt lat="-25.992650957778096" lon="-65.82956892438233">
        <ele>1555.75</ele>
      </trkpt>
      <trkpt lat="-25.9927889239043" lon="-65.8296359796077">
        <ele>1555.48</ele>
      </trkpt>
      <trkpt lat="-25.992899984121323" lon="-65.82967596128583">
        <ele>1555.22</ele>
      </trkpt>
      <trkpt lat="-25.993099976330996" lon="-65.82971191965044">
        <ele>1555.0</ele>
      </trkpt>
      <trkpt lat="-25.993181951344013" lon="-65.82974393852055">
        <ele>1554.75</ele>
      </trkpt>
      <trkpt lat="-25.993376998230815" lon="-65.82978894934058">
        <ele>1554.51</ele>
      </trkpt>
      <trkpt lat="-25.993400970473886" lon="-65.82978693768382">
        <ele>1554.27</ele>
      </trkpt>
      <trkpt lat="-25.993508929386735" lon="-65.82978392019868">
        <ele>1554.01</ele>
      </trkpt>
      <trkpt lat="-25.993576990440488" lon="-65.82978299818933">
        <ele>1553.75</ele>
      </trkpt>
      <trkpt lat="-25.993588976562023" lon="-65.82978593185544">
        <ele>1553.51</ele>
      </trkpt>
      <trkpt lat="-25.993574978783727" lon="-65.82978894934058">
        <ele>1553.28</ele>
      </trkpt>
      <trkpt lat="-25.993656953796744" lon="-65.82978894934058">
        <ele>1553.01</ele>
      </trkpt>
      <trkpt lat="-25.993744963780046" lon="-65.82978693768382">
        <ele>1552.73</ele>
      </trkpt>
      <trkpt lat="-25.99394897930324" lon="-65.82977796904743">
        <ele>1552.41</ele>
      </trkpt>
      <trkpt lat="-25.993977980688214" lon="-65.82977998070419">
        <ele>1552.15</ele>
      </trkpt>
      <trkpt lat="-25.994126927107573" lon="-65.82977495156229">
        <ele>1551.89</ele>
      </trkpt>
      <trkpt lat="-25.994251985102892" lon="-65.82976195961237">
        <ele>1551.65</ele>
      </trkpt>
      <trkpt lat="-25.994433956220746" lon="-65.82974393852055">
        <ele>1551.37</ele>
      </trkpt>
      <trkpt lat="-25.994522972032428" lon="-65.8297329582274">
        <ele>1551.08</ele>
      </trkpt>
      <trkpt lat="-25.994666973128915" lon="-65.82970194518566">
        <ele>1550.76</ele>
      </trkpt>
      <trkpt lat="-25.994752971455455" lon="-65.82968895323575">
        <ele>1550.44</ele>
      </trkpt>
      <trkpt lat="-25.994950952008367" lon="-65.8296639751643">
        <ele>1550.13</ele>
      </trkpt>
      <trkpt lat="-25.995008954778314" lon="-65.82965592853725">
        <ele>1549.79</ele>
      </trkpt>
      <trkpt lat="-25.995035944506526" lon="-65.82965098321438">
        <ele>1549.43</ele>
      </trkpt>
      <trkpt lat="-25.99506695754826" lon="-65.82964695990086">
        <ele>1549.05</ele>
      </trkpt>
      <trkpt lat="-25.99521196447313" lon="-65.82962994463742">
        <ele>1548.67</ele>
      </trkpt>
      <trkpt lat="-25.995303997769952" lon="-65.8296169526875">
        <ele>1548.26</ele>
      </trkpt>
      <trkpt lat="-25.995509941130877" lon="-65.82959993742406">
        <ele>1547.81</ele>
      </trkpt>
      <trkpt lat="-25.99553793668747" lon="-65.82959993742406">
        <ele>1547.34</ele>
      </trkpt>
      <trkpt lat="-25.99570993334055" lon="-65.82964796572924">
        <ele>1546.77</ele>
      </trkpt>
      <trkpt lat="-25.995734995231032" lon="-65.8296639751643">
        <ele>1546.27</ele>
      </trkpt>
      <trkpt lat="-25.995890982449055" lon="-65.82979892380536">
        <ele>1545.68</ele>
      </trkpt>
      <trkpt lat="-25.99600799381733" lon="-65.8298119995743">
        <ele>1545.12</ele>
      </trkpt>
      <trkpt lat="-25.996070941910148" lon="-65.82981292158365">
        <ele>1544.58</ele>
      </trkpt>
      <trkpt lat="-25.996251991018653" lon="-65.82982398569584">
        <ele>1543.99</ele>
      </trkpt>
      <trkpt lat="-25.996348969638348" lon="-65.82981996238232">
        <ele>1543.46</ele>
      </trkpt>
      <trkpt lat="-25.996563965454698" lon="-65.82980998791754">
        <ele>1542.92</ele>
      </trkpt>
      <trkpt lat="-25.996598917990923" lon="-65.82980998791754">
        <ele>1542.41</ele>
      </trkpt>
      <trkpt lat="-25.99678591825068" lon="-65.82980395294726">
        <ele>1541.92</ele>
      </trkpt>
      <trkpt lat="-25.996877951547503" lon="-65.82979892380536">
        <ele>1541.44</ele>
      </trkpt>
      <trkpt lat="-25.99708498455584" lon="-65.82980495877564">
        <ele>1540.98</ele>
      </trkpt>
      <trkpt lat="-25.997142987325788" lon="-65.82980093546212">
        <ele>1540.54</ele>
      </trkpt>
      <trkpt lat="-25.997327975928783" lon="-65.8297879435122">
        <ele>1540.12</ele>
      </trkpt>
      <trkpt lat="-25.99744599312544" lon="-65.8297879435122">
        <ele>1539.69</ele>
      </trkpt>
      <trkpt lat="-25.997627964243293" lon="-65.82978492602706">
        <ele>1539.27</ele>
      </trkpt>
      <trkpt lat="-25.997724942862988" lon="-65.82978593185544">
        <ele>1538.91</ele>
      </trkpt>
      <trkpt lat="-25.997845977544785" lon="-65.82977092824876">
        <ele>1538.58</ele>
      </trkpt>
      <trkpt lat="-25.997971957549453" lon="-65.8297739457339">
        <ele>1538.28</ele>
      </trkpt>
      <trkpt lat="-25.998169938102365" lon="-65.82977092824876">
        <ele>1537.97</ele>
      </trkpt>
      <trkpt lat="-25.998279992491007" lon="-65.82975894212723">
        <ele>1537.8</ele>
      </trkpt>
      <trkpt lat="-25.9984789788723" lon="-65.82974595017731">
        <ele>1537.68</ele>
      </trkpt>
      <trkpt lat="-25.998605964705348" lon="-65.82973899319768">
        <ele>1537.62</ele>
      </trkpt>
      <trkpt lat="-25.998791959136724" lon="-65.82973496988416">
        <ele>1537.62</ele>
      </trkpt>
      <trkpt lat="-25.99899496883154" lon="-65.82972591742873">
        <ele>1537.71</ele>
      </trkpt>
      <trkpt lat="-25.999200996011496" lon="-65.82971795462072">
        <ele>1537.84</ele>
      </trkpt>
      <trkpt lat="-25.999386990442872" lon="-65.82971292547882">
        <ele>1537.99</ele>
      </trkpt>
      <trkpt lat="-25.99944792687893" lon="-65.82970596849918">
        <ele>1538.17</ele>
      </trkpt>
      <trkpt lat="-25.99963895045221" lon="-65.8296909648925">
        <ele>1538.4</ele>
      </trkpt>
      <trkpt lat="-25.999844977632165" lon="-65.82968199625611">
        <ele>1538.69</ele>
      </trkpt>
      <trkpt lat="-25.999931981787086" lon="-65.82967495545745">
        <ele>1539.18</ele>
      </trkpt>
      <trkpt lat="-26.00011194124818" lon="-65.82966196350753">
        <ele>1539.5</ele>
      </trkpt>
      <trkpt lat="-26.00015996955335" lon="-65.8296639751643">
        <ele>1539.85</ele>
      </trkpt>
      <trkpt lat="-26.000341940671206" lon="-65.82965693436563">
        <ele>1540.24</ele>
      </trkpt>
      <trkpt lat="-26.0004389192909" lon="-65.82965198904276">
        <ele>1540.62</ele>
      </trkpt>
      <trkpt lat="-26.00060697644949" lon="-65.82965794019401">
        <ele>1541.02</ele>
      </trkpt>
      <trkpt lat="-26.00069599226117" lon="-65.82966699264944">
        <ele>1541.44</ele>
      </trkpt>
      <trkpt lat="-26.00071795284748" lon="-65.82966992631555">
        <ele>1541.87</ele>
      </trkpt>
      <trkpt lat="-26.000752989202738" lon="-65.82972591742873">
        <ele>1542.32</ele>
      </trkpt>
      <trkpt lat="-26.000793976709247" lon="-65.8298069704324">
        <ele>1542.78</ele>
      </trkpt>
      <trkpt lat="-26.00080193951726" lon="-65.82982792519033">
        <ele>1543.23</ele>
      </trkpt>
      <trkpt lat="-26.000816943123937" lon="-65.82988299429417">
        <ele>1543.7</ele>
      </trkpt>
      <trkpt lat="-26.000834964215755" lon="-65.82990093156695">
        <ele>1544.16</ele>
      </trkpt>
      <trkpt lat="-26.000857930630445" lon="-65.82992096431553">
        <ele>1544.61</ele>
      </trkpt>
      <trkpt lat="-26.000880980864167" lon="-65.82996597513556">
        <ele>1545.08</ele>
      </trkpt>
      <trkpt lat="-26.00088994950056" lon="-65.82997896708548">
        <ele>1545.52</ele>
      </trkpt>
      <trkpt lat="-26.000944934785366" lon="-65.83009195514023">
        <ele>1546.01</ele>
      </trkpt>
      <trkpt lat="-26.000967985019088" lon="-65.83011894486845">
        <ele>1546.44</ele>
      </trkpt>
      <trkpt lat="-26.00099992007017" lon="-65.83017694763839">
        <ele>1546.87</ele>
      </trkpt>
      <trkpt lat="-26.001007966697216" lon="-65.83019094541669">
        <ele>1547.28</ele>
      </trkpt>
      <trkpt lat="-26.001022970303893" lon="-65.83033092319965">
        <ele>1547.7</ele>
      </trkpt>
      <trkpt lat="-26.00103495642543" lon="-65.83052999339998">
        <ele>1548.09</ele>
      </trkpt>
      <trkpt lat="-26.001026993617415" lon="-65.83057098090649">
        <ele>1548.46</ele>
      </trkpt>
      <trkpt lat="-26.001033950597048" lon="-65.83063795231283">
        <ele>1548.82</ele>
      </trkpt>
      <trkpt lat="-26.001050965860486" lon="-65.83067491650581">
        <ele>1549.18</ele>
      </trkpt>
      <trkpt lat="-26.00106194615364" lon="-65.83075697533786">
        <ele>1549.54</ele>
      </trkpt>
      <trkpt lat="-26.001049960032105" lon="-65.83081992343068">
        <ele>1549.89</ele>
      </trkpt>
      <trkpt lat="-26.001026993617415" lon="-65.83103491924703">
        <ele>1550.24</ele>
      </trkpt>
      <trkpt lat="-26.00101592950523" lon="-65.83120498806238">
        <ele>1550.58</ele>
      </trkpt>
      <trkpt lat="-26.001025987789035" lon="-65.8313559461385">
        <ele>1550.93</ele>
      </trkpt>
      <trkpt lat="-26.00103797391057" lon="-65.83154696971178">
        <ele>1551.3</ele>
      </trkpt>
      <trkpt lat="-26.001049960032105" lon="-65.83170094527304">
        <ele>1551.67</ele>
      </trkpt>
      <trkpt lat="-26.001075943931937" lon="-65.83189791999757">
        <ele>1552.11</ele>
      </trkpt>
      <trkpt lat="-26.00107896141708" lon="-65.83191996440291">
        <ele>1552.47</ele>
      </trkpt>
      <trkpt lat="-26.001050965860486" lon="-65.83206698298454">
        <ele>1552.84</ele>
      </trkpt>
      <trkpt lat="-26.001007966697216" lon="-65.83227996714413">
        <ele>1553.19</ele>
      </trkpt>
      <trkpt lat="-26.00101794116199" lon="-65.83242991939187">
        <ele>1553.57</ele>
      </trkpt>
      <trkpt lat="-26.001004949212074" lon="-65.83257995545864">
        <ele>1553.94</ele>
      </trkpt>
      <trkpt lat="-26.000986928120255" lon="-65.83266293630004">
        <ele>1554.32</ele>
      </trkpt>
      <trkpt lat="-26.000989945605397" lon="-65.83267299458385">
        <ele>1554.73</ele>
      </trkpt>
      <trkpt lat="-26.001028921455145" lon="-65.83280693739653">
        <ele>1555.17</ele>
      </trkpt>
      <trkpt lat="-26.0010589286685" lon="-65.83298899233341">
        <ele>1555.66</ele>
      </trkpt>
      <trkpt lat="-26.001050965860486" lon="-65.83318596705794">
        <ele>1556.21</ele>
      </trkpt>
      <trkpt lat="-26.00099396891892" lon="-65.8333639986813">
        <ele>1556.71</ele>
      </trkpt>
      <trkpt lat="-26.001010984182358" lon="-65.83346592262387">
        <ele>1557.23</ele>
      </trkpt>
      <trkpt lat="-26.001001931726933" lon="-65.83348494954407">
        <ele>1557.74</ele>
      </trkpt>
      <trkpt lat="-26.000957926735282" lon="-65.83358293399215">
        <ele>1558.28</ele>
      </trkpt>
      <trkpt lat="-26.000965973362327" lon="-65.83370799198747">
        <ele>1558.87</ele>
      </trkpt>
      <trkpt lat="-26.000936971977353" lon="-65.83390798419714">
        <ele>1559.47</ele>
      </trkpt>
      <trkpt lat="-26.000941917300224" lon="-65.83395592868328">
        <ele>1560.09</ele>
      </trkpt>
      <trkpt lat="-26.0009949747473" lon="-65.83414091728628">
        <ele>1560.8</ele>
      </trkpt>
      <trkpt lat="-26.001053983345628" lon="-65.83419095724821">
        <ele>1561.49</ele>
      </trkpt>
      <trkpt lat="-26.00106094032526" lon="-65.83420596085489">
        <ele>1562.18</ele>
      </trkpt>
      <trkpt lat="-26.001066975295544" lon="-65.83428299054503">
        <ele>1562.91</ele>
      </trkpt>
      <trkpt lat="-26.001043925061822" lon="-65.83445792086422">
        <ele>1563.72</ele>
      </trkpt>
      <trkpt lat="-26.00096999667585" lon="-65.83465196192265">
        <ele>1564.44</ele>
      </trkpt>
      <trkpt lat="-26.000963961705565" lon="-65.83467199467123">
        <ele>1565.18</ele>
      </trkpt>
      <trkpt lat="-26.000936971977353" lon="-65.83480794914067">
        <ele>1565.93</ele>
      </trkpt>
      <trkpt lat="-26.000944934785366" lon="-65.83495798520744">
        <ele>1566.8</ele>
      </trkpt>
      <trkpt lat="-26.00097695365548" lon="-65.83506594412029">
        <ele>1567.67</ele>
      </trkpt>
      <trkpt lat="-26.001003943383694" lon="-65.83507591858506">
        <ele>1568.52</ele>
      </trkpt>
      <trkpt lat="-26.001126989722252" lon="-65.83513299934566">
        <ele>1569.5</ele>
      </trkpt>
      <trkpt lat="-26.00114392116666" lon="-65.8351309876889">
        <ele>1570.35</ele>
      </trkpt>
      <trkpt lat="-26.001159930601716" lon="-65.83510894328356">
        <ele>1571.21</ele>
      </trkpt>
      <trkpt lat="-26.00116797722876" lon="-65.83510994911194">
        <ele>1572.06</ele>
      </trkpt>
      <trkpt lat="-26.001225979998708" lon="-65.83512897603214">
        <ele>1572.96</ele>
      </trkpt>
      <trkpt lat="-26.001243917271495" lon="-65.83518295548856">
        <ele>1573.81</ele>
      </trkpt>
      <trkpt lat="-26.001246934756637" lon="-65.835273982957">
        <ele>1574.63</ele>
      </trkpt>
      <trkpt lat="-26.001245928928256" lon="-65.83527599461377">
        <ele>1575.45</ele>
      </trkpt>
      <trkpt lat="-26.0012539755553" lon="-65.8352829515934">
        <ele>1576.27</ele>
      </trkpt>
      <trkpt lat="-26.001263950020075" lon="-65.8353019785136">
        <ele>1577.09</ele>
      </trkpt>
      <trkpt lat="-26.00129295140505" lon="-65.83533491939306">
        <ele>1577.93</ele>
      </trkpt>
      <trkpt lat="-26.001352965831757" lon="-65.83536794409156">
        <ele>1578.82</ele>
      </trkpt>
      <trkpt lat="-26.001415997743607" lon="-65.83541396073997">
        <ele>1579.7</ele>
      </trkpt>
      <trkpt lat="-26.00142496638" lon="-65.83543793298304">
        <ele>1580.44</ele>
      </trkpt>
      <trkpt lat="-26.001429995521903" lon="-65.83545796573162">
        <ele>1581.15</ele>
      </trkpt>
      <trkpt lat="-26.0014889203012" lon="-65.83547196350992">
        <ele>1581.93</ele>
      </trkpt>
      <trkpt lat="-26.00155094638467" lon="-65.83550993353128">
        <ele>1582.69</ele>
      </trkpt>
      <trkpt lat="-26.001586988568306" lon="-65.83562099374831">
        <ele>1583.36</ele>
      </trkpt>
      <trkpt lat="-26.001622946932912" lon="-65.83574395626783">
        <ele>1583.93</ele>
      </trkpt>
      <trkpt lat="-26.001627976074815" lon="-65.83582391962409">
        <ele>1584.44</ele>
      </trkpt>
      <trkpt lat="-26.001625964418054" lon="-65.83586893044412">
        <ele>1584.9</ele>
      </trkpt>
      <trkpt lat="-26.00161598995328" lon="-65.83590094931424">
        <ele>1585.32</ele>
      </trkpt>
      <trkpt lat="-26.001600986346602" lon="-65.8359579462558">
        <ele>1585.69</ele>
      </trkpt>
      <trkpt lat="-26.001591933891177" lon="-65.8360269293189">
        <ele>1586.05</ele>
      </trkpt>
      <trkpt lat="-26.001584976911545" lon="-65.83608199842274">
        <ele>1586.41</ele>
      </trkpt>
      <trkpt lat="-26.00157793611288" lon="-65.8362119179219">
        <ele>1586.76</ele>
      </trkpt>
      <trkpt lat="-26.00157198496163" lon="-65.83640897646546">
        <ele>1587.02</ele>
      </trkpt>
      <trkpt lat="-26.001569973304868" lon="-65.83651894703507">
        <ele>1587.27</ele>
      </trkpt>
      <trkpt lat="-26.001541977748275" lon="-65.83664299920201">
        <ele>1587.47</ele>
      </trkpt>
      <trkpt lat="-26.001478945836425" lon="-65.83678398281336">
        <ele>1587.63</ele>
      </trkpt>
      <trkpt lat="-26.00149294361472" lon="-65.83694298751652">
        <ele>1587.88</ele>
      </trkpt>
      <trkpt lat="-26.00157198496163" lon="-65.83708095364273">
        <ele>1588.19</ele>
      </trkpt>
      <trkpt lat="-26.001649936661124" lon="-65.83718094974756">
        <ele>1588.5</ele>
      </trkpt>
      <trkpt lat="-26.001696959137917" lon="-65.83720793947577">
        <ele>1588.8</ele>
      </trkpt>
      <trkpt lat="-26.00170693360269" lon="-65.8372069336474">
        <ele>1589.1</ele>
      </trkpt>
      <trkpt lat="-26.001763930544257" lon="-65.8372069336474">
        <ele>1589.44</ele>
      </trkpt>
      <trkpt lat="-26.001913966611028" lon="-65.83724197000265">
        <ele>1589.83</ele>
      </trkpt>
      <trkpt lat="-26.00206693634391" lon="-65.83733794279397">
        <ele>1590.17</ele>
      </trkpt>
      <trkpt lat="-26.002138936892152" lon="-65.8373689558357">
        <ele>1590.49</ele>
      </trkpt>
      <trkpt lat="-26.002209931612015" lon="-65.83740399219096">
        <ele>1590.82</ele>
      </trkpt>
      <trkpt lat="-26.002227952703834" lon="-65.83741195499897">
        <ele>1591.11</ele>
      </trkpt>
      <trkpt lat="-26.00227899849415" lon="-65.83743198774755">
        <ele>1591.41</ele>
      </trkpt>
      <trkpt lat="-26.00232199765742" lon="-65.8374759927392">
        <ele>1591.68</ele>
      </trkpt>
      <trkpt lat="-26.00234697572887" lon="-65.8375069219619">
        <ele>1591.94</ele>
      </trkpt>
      <trkpt lat="-26.00238997489214" lon="-65.83755293861032">
        <ele>1592.19</ele>
      </trkpt>
      <trkpt lat="-26.00243397988379" lon="-65.8376139588654">
        <ele>1592.42</ele>
      </trkpt>
      <trkpt lat="-26.002448983490467" lon="-65.83763097412884">
        <ele>1592.64</ele>
      </trkpt>
      <trkpt lat="-26.002502962946892" lon="-65.83768897689879">
        <ele>1592.86</ele>
      </trkpt>
      <trkpt lat="-26.002555936574936" lon="-65.83771496079862">
        <ele>1593.06</ele>
      </trkpt>
      <trkpt lat="-26.002571946009994" lon="-65.83772392943501">
        <ele>1593.22</ele>
      </trkpt>
      <trkpt lat="-26.002707984298468" lon="-65.83780799992383">
        <ele>1593.4</ele>
      </trkpt>
      <trkpt lat="-26.00286397151649" lon="-65.83790296688676">
        <ele>1593.54</ele>
      </trkpt>
      <trkpt lat="-26.003045942634344" lon="-65.8379559405148">
        <ele>1593.66</ele>
      </trkpt>
      <trkpt lat="-26.00307695567608" lon="-65.83795895799994">
        <ele>1593.71</ele>
      </trkpt>
      <trkpt lat="-26.003092965111136" lon="-65.83795795217156">
        <ele>1593.72</ele>
      </trkpt>
      <trkpt lat="-26.00310293957591" lon="-65.83795996382833">
        <ele>1593.7</ele>
      </trkpt>
      <trkpt lat="-26.003117943182588" lon="-65.8379609696567">
        <ele>1593.64</ele>
      </trkpt>
      <trkpt lat="-26.003152979537845" lon="-65.83798997104168">
        <ele>1593.56</ele>
      </trkpt>
      <trkpt lat="-26.00316697731614" lon="-65.83804596215487">
        <ele>1593.43</ele>
      </trkpt>
      <trkpt lat="-26.00317091681063" lon="-65.8380719460547">
        <ele>1593.28</ele>
      </trkpt>
      <trkpt lat="-26.003171922639012" lon="-65.83808192051947">
        <ele>1593.09</ele>
      </trkpt>
      <trkpt lat="-26.003171922639012" lon="-65.83808099851012">
        <ele>1592.87</ele>
      </trkpt>
      <trkpt lat="-26.003163959831" lon="-65.83811896853149">
        <ele>1592.63</ele>
      </trkpt>
      <trkpt lat="-26.003151973709464" lon="-65.83808493800461">
        <ele>1592.36</ele>
      </trkpt>
      <trkpt lat="-26.00309992209077" lon="-65.83808192051947">
        <ele>1592.06</ele>
      </trkpt>
      <trkpt lat="-26.003022976219654" lon="-65.83815299905837">
        <ele>1591.71</ele>
      </trkpt>
      <trkpt lat="-26.002923985943198" lon="-65.83824997767806">
        <ele>1591.33</ele>
      </trkpt>
      <trkpt lat="-26.0028029512614" lon="-65.83838894963264">
        <ele>1590.9</ele>
      </trkpt>
      <trkpt lat="-26.00278099067509" lon="-65.83844192326069">
        <ele>1590.55</ele>
      </trkpt>
      <trkpt lat="-26.002783924341202" lon="-65.83846597932279">
        <ele>1590.23</ele>
      </trkpt>
      <trkpt lat="-26.0027979221195" lon="-65.83850596100092">
        <ele>1589.92</ele>
      </trkpt>
      <trkpt lat="-26.00279599428177" lon="-65.83852993324399">
        <ele>1589.63</ele>
      </trkpt>
      <trkpt lat="-26.00277596153319" lon="-65.83855792880058">
        <ele>1589.34</ele>
      </trkpt>
      <trkpt lat="-26.002770932391286" lon="-65.83858693018556">
        <ele>1589.07</ele>
      </trkpt>
      <trkpt lat="-26.002793982625008" lon="-65.8386449329555">
        <ele>1588.85</ele>
      </trkpt>
      <trkpt lat="-26.002880986779928" lon="-65.8387849945575">
        <ele>1588.66</ele>
      </trkpt>
      <trkpt lat="-26.002934966236353" lon="-65.83891893737018">
        <ele>1588.5</ele>
      </trkpt>
      <trkpt lat="-26.00295198149979" lon="-65.83893092349172">
        <ele>1588.39</ele>
      </trkpt>
      <trkpt lat="-26.003047954291105" lon="-65.83896797150373">
        <ele>1588.37</ele>
      </trkpt>
      <trkpt lat="-26.00308198481798" lon="-65.83898398093879">
        <ele>1588.35</ele>
      </trkpt>
      <trkpt lat="-26.00309799425304" lon="-65.83899395540357">
        <ele>1588.35</ele>
      </trkpt>
      <trkpt lat="-26.00312096066773" lon="-65.83903192542493">
        <ele>1588.4</ele>
      </trkpt>
      <trkpt lat="-26.003126995638013" lon="-65.83905396983027">
        <ele>1588.49</ele>
      </trkpt>
      <trkpt lat="-26.003168988972902" lon="-65.8392099570483">
        <ele>1588.61</ele>
      </trkpt>
      <trkpt lat="-26.003199918195605" lon="-65.83927793428302">
        <ele>1588.8</ele>
      </trkpt>
      <trkpt lat="-26.003198996186256" lon="-65.83930592983961">
        <ele>1589.02</ele>
      </trkpt>
      <trkpt lat="-26.00320897065103" lon="-65.83932093344629">
        <ele>1589.32</ele>
      </trkpt>
      <trkpt lat="-26.00322992540896" lon="-65.83935094065964">
        <ele>1589.67</ele>
      </trkpt>
      <trkpt lat="-26.003223974257708" lon="-65.83935898728669">
        <ele>1590.06</ele>
      </trkpt>
      <trkpt lat="-26.003214921802282" lon="-65.8393669500947">
        <ele>1590.51</ele>
      </trkpt>
      <trkpt lat="-26.00318692624569" lon="-65.83943392150104">
        <ele>1590.98</ele>
      </trkpt>
      <trkpt lat="-26.003262950107455" lon="-65.83953995257616">
        <ele>1591.57</ele>
      </trkpt>
      <trkpt lat="-26.003305949270725" lon="-65.83955395035446">
        <ele>1592.23</ele>
      </trkpt>
      <trkpt lat="-26.003396976739168" lon="-65.8395569678396">
        <ele>1592.99</ele>
      </trkpt>
      <trkpt lat="-26.00344098173082" lon="-65.83954498171806">
        <ele>1593.75</ele>
      </trkpt>
      <trkpt lat="-26.00350694730878" lon="-65.83953391760588">
        <ele>1594.58</ele>
      </trkpt>
      <trkpt lat="-26.00357693620026" lon="-65.83953391760588">
        <ele>1595.46</ele>
      </trkpt>
      <trkpt lat="-26.00367994979024" lon="-65.83948194980621">
        <ele>1596.41</ele>
      </trkpt>
      <trkpt lat="-26.003771983087063" lon="-65.83932696841657">
        <ele>1597.36</ele>
      </trkpt>
      <trkpt lat="-26.00385395810008" lon="-65.8391909301281">
        <ele>1598.39</ele>
      </trkpt>
      <trkpt lat="-26.003935933113098" lon="-65.83905698731542">
        <ele>1599.42</ele>
      </trkpt>
      <trkpt lat="-26.00396099500358" lon="-65.83898892626166">
        <ele>1600.39</ele>
      </trkpt>
      <trkpt lat="-26.003940962255" lon="-65.83890996873379">
        <ele>1601.36</ele>
      </trkpt>
      <trkpt lat="-26.00392092950642" lon="-65.83882195875049">
        <ele>1602.33</ele>
      </trkpt>
      <trkpt lat="-26.003922941163182" lon="-65.83880092017353">
        <ele>1603.31</ele>
      </trkpt>
      <trkpt lat="-26.00393895059824" lon="-65.8387609384954">
        <ele>1604.31</ele>
      </trkpt>
      <trkpt lat="-26.00393693894148" lon="-65.83873394876719">
        <ele>1605.29</ele>
      </trkpt>
      <trkpt lat="-26.00391891784966" lon="-65.83871592767537">
        <ele>1606.26</ele>
      </trkpt>
      <trkpt lat="-26.003950936719775" lon="-65.83865096792579">
        <ele>1607.27</ele>
      </trkpt>
      <trkpt lat="-26.004019919782877" lon="-65.83855097182095">
        <ele>1608.3</ele>
      </trkpt>
      <trkpt lat="-26.004062918946147" lon="-65.83850394934416">
        <ele>1609.3</ele>
      </trkpt>
      <trkpt lat="-26.004075994715095" lon="-65.83848894573748">
        <ele>1610.27</ele>
      </trkpt>
      <trkpt lat="-26.00408898666501" lon="-65.83848894573748">
        <ele>1611.21</ele>
      </trkpt>
      <trkpt lat="-26.004164926707745" lon="-65.83850596100092">
        <ele>1612.22</ele>
      </trkpt>
      <trkpt lat="-26.004193928092718" lon="-65.83852993324399">
        <ele>1613.14</ele>
      </trkpt>
      <trkpt lat="-26.004204992204905" lon="-65.83853596821427">
        <ele>1614.02</ele>
      </trkpt>
      <trkpt lat="-26.004246985539794" lon="-65.83853395655751">
        <ele>1614.9</ele>
      </trkpt>
      <trkpt lat="-26.00426299497485" lon="-65.83853093907237">
        <ele>1615.72</ele>
      </trkpt>
      <trkpt lat="-26.004311945289373" lon="-65.83852792158723">
        <ele>1616.54</ele>
      </trkpt>
      <trkpt lat="-26.004353938624263" lon="-65.83854099735618">
        <ele>1617.29</ele>
      </trkpt>
      <trkpt lat="-26.004407918080688" lon="-65.83856094628572">
        <ele>1617.99</ele>
      </trkpt>
      <trkpt lat="-26.004447983577847" lon="-65.83860495127738">
        <ele>1618.64</ele>
      </trkpt>
      <trkpt lat="-26.004463993012905" lon="-65.83861299790442">
        <ele>1619.23</ele>
      </trkpt>
      <trkpt lat="-26.004551919177175" lon="-65.8386689890176">
        <ele>1619.81</ele>
      </trkpt>
      <trkpt lat="-26.00456692278385" lon="-65.838677957654">
        <ele>1620.29</ele>
      </trkpt>
      <trkpt lat="-26.00458494387567" lon="-65.8386919554323">
        <ele>1620.72</ele>
      </trkpt>
      <trkpt lat="-26.004610927775502" lon="-65.83871198818088">
        <ele>1621.09</ele>
      </trkpt>
      <trkpt lat="-26.00462299771607" lon="-65.83871592767537">
        <ele>1621.39</ele>
      </trkpt>
      <trkpt lat="-26.00468795746565" lon="-65.83876697346568">
        <ele>1621.66</ele>
      </trkpt>
      <trkpt lat="-26.004696926102042" lon="-65.83880896680057">
        <ele>1621.82</ele>
      </trkpt>
      <trkpt lat="-26.004746966063976" lon="-65.8390059415251">
        <ele>1621.9</ele>
      </trkpt>
      <trkpt lat="-26.00475492887199" lon="-65.83906293846667">
        <ele>1621.92</ele>
      </trkpt>
      <trkpt lat="-26.004760963842273" lon="-65.83908598870039">
        <ele>1621.87</ele>
      </trkpt>
      <trkpt lat="-26.004779990762472" lon="-65.83913493901491">
        <ele>1621.75</ele>
      </trkpt>
      <trkpt lat="-26.004785941913724" lon="-65.83916394039989">
        <ele>1621.55</ele>
      </trkpt>
      <trkpt lat="-26.004790971055627" lon="-65.83924097009003">
        <ele>1621.28</ele>
      </trkpt>
      <trkpt lat="-26.00479893386364" lon="-65.8393119648099">
        <ele>1620.93</ele>
      </trkpt>
      <trkpt lat="-26.00477797910571" lon="-65.83943995647132">
        <ele>1620.46</ele>
      </trkpt>
      <trkpt lat="-26.00477496162057" lon="-65.83946996368468">
        <ele>1619.95</ele>
      </trkpt>
      <trkpt lat="-26.004769932478666" lon="-65.83959996700287">
        <ele>1619.35</ele>
      </trkpt>
      <trkpt lat="-26.004772949963808" lon="-65.8396309800446">
        <ele>1618.69</ele>
      </trkpt>
      <trkpt lat="-26.00477395579219" lon="-65.839713960886">
        <ele>1617.96</ele>
      </trkpt>
      <trkpt lat="-26.0047509893775" lon="-65.83980792202055">
        <ele>1617.15</ele>
      </trkpt>
      <trkpt lat="-26.004748977720737" lon="-65.83997991867363">
        <ele>1616.26</ele>
      </trkpt>
      <trkpt lat="-26.00470799021423" lon="-65.84009693004191">
        <ele>1615.26</ele>
      </trkpt>
      <trkpt lat="-26.00462593138218" lon="-65.84019298665226">
        <ele>1614.19</ele>
      </trkpt>
      <trkpt lat="-26.004612939432263" lon="-65.8402129355818">
        <ele>1613.19</ele>
      </trkpt>
      <trkpt lat="-26.00460195913911" lon="-65.84023497998714">
        <ele>1612.15</ele>
      </trkpt>
      <trkpt lat="-26.00455895997584" lon="-65.84029499441385">
        <ele>1611.03</ele>
      </trkpt>
      <trkpt lat="-26.004512943327427" lon="-65.84036297164857">
        <ele>1609.9</ele>
      </trkpt>
      <trkpt lat="-26.004490982741117" lon="-65.84052692167461">
        <ele>1608.69</ele>
      </trkpt>
      <trkpt lat="-26.004489976912737" lon="-65.84057997912169">
        <ele>1607.56</ele>
      </trkpt>
      <trkpt lat="-26.004502968862653" lon="-65.84065893664956">
        <ele>1606.4</ele>
      </trkpt>
      <trkpt lat="-26.004505986347795" lon="-65.84068399854004">
        <ele>1605.28</ele>
      </trkpt>
      <trkpt lat="-26.004508920013905" lon="-65.84080796688795">
        <ele>1604.14</ele>
      </trkpt>
      <trkpt lat="-26.004521995782852" lon="-65.84094199351966">
        <ele>1602.95</ele>
      </trkpt>
      <trkpt lat="-26.004484947770834" lon="-65.84099798463285">
        <ele>1601.77</ele>
      </trkpt>
      <trkpt lat="-26.00444999523461" lon="-65.84101893939078">
        <ele>1600.62</ele>
      </trkpt>
      <trkpt lat="-26.004362991079688" lon="-65.84108197130263">
        <ele>1599.38</ele>
      </trkpt>
      <trkpt lat="-26.004321919754148" lon="-65.8410779479891">
        <ele>1598.23</ele>
      </trkpt>
      <trkpt lat="-26.004230976104736" lon="-65.84101592190564">
        <ele>1597.11</ele>
      </trkpt>
      <trkpt lat="-26.004185965284705" lon="-65.84099697880447">
        <ele>1596.0</ele>
      </trkpt>
      <trkpt lat="-26.004147995263338" lon="-65.84094693884254">
        <ele>1594.92</ele>
      </trkpt>
      <trkpt lat="-26.004096949473023" lon="-65.84083193913102">
        <ele>1593.89</ele>
      </trkpt>
      <trkpt lat="-26.004094937816262" lon="-65.8408139180392">
        <ele>1592.82</ele>
      </trkpt>
      <trkpt lat="-26.004061996936798" lon="-65.84078592248261">
        <ele>1591.74</ele>
      </trkpt>
      <trkpt lat="-26.003950936719775" lon="-65.84089798852801">
        <ele>1590.53</ele>
      </trkpt>
      <trkpt lat="-26.003942973911762" lon="-65.84092196077108">
        <ele>1589.43</ele>
      </trkpt>
      <trkpt lat="-26.00391397252679" lon="-65.84105699323118">
        <ele>1588.26</ele>
      </trkpt>
      <trkpt lat="-26.003908943384886" lon="-65.84109093993902">
        <ele>1587.17</ele>
      </trkpt>
      <trkpt lat="-26.003836942836642" lon="-65.84126193076372">
        <ele>1586.01</ele>
      </trkpt>
      <trkpt lat="-26.003771983087063" lon="-65.84131297655404">
        <ele>1584.91</ele>
      </trkpt>
      <trkpt lat="-26.003760918974876" lon="-65.84142797626555">
        <ele>1583.8</ele>
      </trkpt>
      <trkpt lat="-26.003717919811606" lon="-65.84158094599843">
        <ele>1582.63</ele>
      </trkpt>
      <trkpt lat="-26.003654971718788" lon="-65.8416759967804">
        <ele>1581.53</ele>
      </trkpt>
      <trkpt lat="-26.003606943413615" lon="-65.8417449798435">
        <ele>1580.51</ele>
      </trkpt>
      <trkpt lat="-26.00359495729208" lon="-65.84176995791495">
        <ele>1579.57</ele>
      </trkpt>
      <trkpt lat="-26.003517927601933" lon="-65.84197296760976">
        <ele>1578.53</ele>
      </trkpt>
      <trkpt lat="-26.00350996479392" lon="-65.84199291653931">
        <ele>1577.66</ele>
      </trkpt>
      <trkpt lat="-26.003504935652018" lon="-65.84218192845583">
        <ele>1576.77</ele>
      </trkpt>
      <trkpt lat="-26.003492949530482" lon="-65.84229592233896">
        <ele>1575.97</ele>
      </trkpt>
      <trkpt lat="-26.003494961187243" lon="-65.84231494925916">
        <ele>1575.24</ele>
      </trkpt>
      <trkpt lat="-26.003515999764204" lon="-65.84245895035565">
        <ele>1574.51</ele>
      </trkpt>
      <trkpt lat="-26.0035109706223" lon="-65.84246599115431">
        <ele>1573.87</ele>
      </trkpt>
      <trkpt lat="-26.00351197645068" lon="-65.84246498532593">
        <ele>1573.27</ele>
      </trkpt>
      <trkpt lat="-26.003505941480398" lon="-65.84251393564045">
        <ele>1572.69</ele>
      </trkpt>
      <trkpt lat="-26.003498984500766" lon="-65.84255098365247">
        <ele>1572.15</ele>
      </trkpt>
      <trkpt lat="-26.003517927601933" lon="-65.84260798059404">
        <ele>1571.64</ele>
      </trkpt>
      <trkpt lat="-26.003524968400598" lon="-65.84262994118035">
        <ele>1571.16</ele>
      </trkpt>
      <trkpt lat="-26.003542989492416" lon="-65.84271694533527">
        <ele>1570.7</ele>
      </trkpt>
      <trkpt lat="-26.00355195812881" lon="-65.84276396781206">
        <ele>1570.27</ele>
      </trkpt>
      <trkpt lat="-26.00355296395719" lon="-65.8427759539336">
        <ele>1569.85</ele>
      </trkpt>
      <trkpt lat="-26.003563944250345" lon="-65.8428169414401">
        <ele>1569.44</ele>
      </trkpt>
      <trkpt lat="-26.003647930920124" lon="-65.84292992949486">
        <ele>1569.05</ele>
      </trkpt>
      <trkpt lat="-26.003684978932142" lon="-65.84296999499202">
        <ele>1568.66</ele>
      </trkpt>
      <trkpt lat="-26.00374599918723" lon="-65.84308499470353">
        <ele>1568.27</ele>
      </trkpt>
      <trkpt lat="-26.00376594811678" lon="-65.8431369625032">
        <ele>1567.86</ele>
      </trkpt>
      <trkpt lat="-26.003820933401585" lon="-65.8432249724865">
        <ele>1567.44</ele>
      </trkpt>
      <trkpt lat="-26.003838954493403" lon="-65.84325095638633">
        <ele>1567.0</ele>
      </trkpt>
      <trkpt lat="-26.003847923129797" lon="-65.84327794611454">
        <ele>1566.54</ele>
      </trkpt>
      <trkpt lat="-26.00387893617153" lon="-65.84339193999767">
        <ele>1566.03</ele>
      </trkpt>
      <trkpt lat="-26.004013968631625" lon="-65.84352294914424">
        <ele>1565.51</ele>
      </trkpt>
      <trkpt lat="-26.004036935046315" lon="-65.84353594109416">
        <ele>1565.0</ele>
      </trkpt>
      <trkpt lat="-26.00421697832644" lon="-65.84362395107746">
        <ele>1564.37</ele>
      </trkpt>
      <trkpt lat="-26.004395931959152" lon="-65.84373492747545">
        <ele>1563.72</ele>
      </trkpt>
      <trkpt lat="-26.004461981356144" lon="-65.84380399435759">
        <ele>1563.12</ele>
      </trkpt>
      <trkpt lat="-26.004553930833936" lon="-65.84388295188546">
        <ele>1562.51</ele>
      </trkpt>
      <trkpt lat="-26.004617968574166" lon="-65.84395595826209">
        <ele>1561.88</ele>
      </trkpt>
      <trkpt lat="-26.004654932767153" lon="-65.84400096908212">
        <ele>1561.26</ele>
      </trkpt>
      <trkpt lat="-26.004678988829255" lon="-65.84402997046709">
        <ele>1560.64</ele>
      </trkpt>
      <trkpt lat="-26.00470899604261" lon="-65.84407699294388">
        <ele>1560.01</ele>
      </trkpt>
      <trkpt lat="-26.004744954407215" lon="-65.84412795491517">
        <ele>1559.37</ele>
      </trkpt>
      <trkpt lat="-26.004826929420233" lon="-65.84425192326307">
        <ele>1558.69</ele>
      </trkpt>
      <trkpt lat="-26.004913933575153" lon="-65.84440992213786">
        <ele>1557.98</ele>
      </trkpt>
      <trkpt lat="-26.005026921629906" lon="-65.84458795376122">
        <ele>1557.28</ele>
      </trkpt>
      <trkpt lat="-26.005043936893344" lon="-65.84461293183267">
        <ele>1556.68</ele>
      </trkpt>
      <trkpt lat="-26.005179975181818" lon="-65.84476598538458">
        <ele>1556.04</ele>
      </trkpt>
      <trkpt lat="-26.005252981558442" lon="-65.84480999037623">
        <ele>1555.47</ele>
      </trkpt>
      <trkpt lat="-26.00540092214942" lon="-65.844930941239">
        <ele>1554.92</ele>
      </trkpt>
      <trkpt lat="-26.005425984039903" lon="-65.84494795650244">
        <ele>1554.39</ele>
      </trkpt>
      <trkpt lat="-26.005582977086306" lon="-65.84505097009242">
        <ele>1553.88</ele>
      </trkpt>
      <trkpt lat="-26.00563695654273" lon="-65.84508399479091">
        <ele>1553.38</ele>
      </trkpt>
      <trkpt lat="-26.005794955417514" lon="-65.8452039398253">
        <ele>1552.91</ele>
      </trkpt>
      <trkpt lat="-26.00580995902419" lon="-65.84521994926035">
        <ele>1552.44</ele>
      </trkpt>
      <trkpt lat="-26.005945997312665" lon="-65.84534198977053">
        <ele>1552.0</ele>
      </trkpt>
      <trkpt lat="-26.006093937903643" lon="-65.84548498503864">
        <ele>1551.51</ele>
      </trkpt>
      <trkpt lat="-26.006118999794126" lon="-65.84549395367503">
        <ele>1551.09</ele>
      </trkpt>
      <trkpt lat="-26.006269957870245" lon="-65.8455369528383">
        <ele>1550.67</ele>
      </trkpt>
      <trkpt lat="-26.006294935941696" lon="-65.84554097615182">
        <ele>1550.29</ele>
      </trkpt>
      <trkpt lat="-26.006333995610476" lon="-65.8455509506166">
        <ele>1549.93</ele>
      </trkpt>
      <trkpt lat="-26.006377916783094" lon="-65.84554994478822">
        <ele>1549.59</ele>
      </trkpt>
      <trkpt lat="-26.00645394064486" lon="-65.84556796588004">
        <ele>1549.26</ele>
      </trkpt>
      <trkpt lat="-26.00653692148626" lon="-65.84558598697186">
        <ele>1548.94</ele>
      </trkpt>
      <trkpt lat="-26.00666994228959" lon="-65.84560493007302">
        <ele>1548.63</ele>
      </trkpt>
      <trkpt lat="-26.006761975586414" lon="-65.84560392424464">
        <ele>1548.35</ele>
      </trkpt>
      <trkpt lat="-26.006807992234826" lon="-65.84560895338655">
        <ele>1548.11</ele>
      </trkpt>
      <trkpt lat="-26.006917962804437" lon="-65.8456109650433">
        <ele>1547.89</ele>
      </trkpt>
      <trkpt lat="-26.006960961967707" lon="-65.84562093950808">
        <ele>1547.69</ele>
      </trkpt>
      <trkpt lat="-26.006994992494583" lon="-65.84562798030674">
        <ele>1547.52</ele>
      </trkpt>
      <trkpt lat="-26.00703095085919" lon="-65.84563795477152">
        <ele>1547.37</ele>
      </trkpt>
      <trkpt lat="-26.007071938365698" lon="-65.84564298391342">
        <ele>1547.25</ele>
      </trkpt>
      <trkpt lat="-26.007216945290565" lon="-65.84566695615649">
        <ele>1547.13</ele>
      </trkpt>
      <trkpt lat="-26.007258938625455" lon="-65.84567299112678">
        <ele>1547.07</ele>
      </trkpt>
      <trkpt lat="-26.00740092806518" lon="-65.84568799473345">
        <ele>1547.03</ele>
      </trkpt>
      <trkpt lat="-26.007426995784044" lon="-65.84569092839956">
        <ele>1547.04</ele>
      </trkpt>
      <trkpt lat="-26.007578959688544" lon="-65.84571196697652">
        <ele>1547.11</ele>
      </trkpt>
      <trkpt lat="-26.007707957178354" lon="-65.84573795087636">
        <ele>1547.19</ele>
      </trkpt>
      <trkpt lat="-26.007754979655147" lon="-65.84574993699789">
        <ele>1547.32</ele>
      </trkpt>
      <trkpt lat="-26.007778951898217" lon="-65.8457599952817">
        <ele>1547.48</ele>
      </trkpt>
      <trkpt lat="-26.0078679677099" lon="-65.84579897113144">
        <ele>1547.68</ele>
      </trkpt>
      <trkpt lat="-26.00797793827951" lon="-65.84586099721491">
        <ele>1547.92</ele>
      </trkpt>
      <trkpt lat="-26.008122945204377" lon="-65.84596493281424">
        <ele>1548.2</ele>
      </trkpt>
      <trkpt lat="-26.00829695351422" lon="-65.84605696611106">
        <ele>1548.53</ele>
      </trkpt>
      <trkpt lat="-26.00831899791956" lon="-65.84606492891908">
        <ele>1548.89</ele>
      </trkpt>
      <trkpt lat="-26.008482947945595" lon="-65.84616894833744">
        <ele>1549.28</ele>
      </trkpt>
      <trkpt lat="-26.008500969037414" lon="-65.84618294611573">
        <ele>1549.72</ele>
      </trkpt>
      <trkpt lat="-26.008614962920547" lon="-65.84619493223727">
        <ele>1550.18</ele>
      </trkpt>
      <trkpt lat="-26.00866299122572" lon="-65.84607792086899">
        <ele>1550.75</ele>
      </trkpt>
      <trkpt lat="-26.00866491906345" lon="-65.84594699554145">
        <ele>1551.37</ele>
      </trkpt>
      <trkpt lat="-26.008680928498507" lon="-65.84581799805164">
        <ele>1552.07</ele>
      </trkpt>
      <trkpt lat="-26.008725939318538" lon="-65.84570299834013">
        <ele>1552.83</ele>
      </trkpt>
      <trkpt lat="-26.00873197428882" lon="-65.84567592479289">
        <ele>1553.55</ele>
      </trkpt>
      <trkpt lat="-26.008724933490157" lon="-65.84563996642828">
        <ele>1554.29</ele>
      </trkpt>
      <trkpt lat="-26.008700961247087" lon="-65.84559596143663">
        <ele>1555.08</ele>
      </trkpt>
      <trkpt lat="-26.00870599038899" lon="-65.84559294395149">
        <ele>1555.86</ele>
      </trkpt>
      <trkpt lat="-26.00877195596695" lon="-65.84549194201827">
        <ele>1556.76</ele>
      </trkpt>
      <trkpt lat="-26.008847979828715" lon="-65.84533595480025">
        <ele>1557.67</ele>
      </trkpt>
      <trkpt lat="-26.00896398536861" lon="-65.84522397257388">
        <ele>1558.58</ele>
      </trkpt>
      <trkpt lat="-26.008979994803667" lon="-65.84521492011845">
        <ele>1559.46</ele>
      </trkpt>
      <trkpt lat="-26.00898996926844" lon="-65.84519396536052">
        <ele>1560.38</ele>
      </trkpt>
      <trkpt lat="-26.0089869517833" lon="-65.84516295231879">
        <ele>1561.31</ele>
      </trkpt>
      <trkpt lat="-26.008990975096822" lon="-65.84514694288373">
        <ele>1562.24</ele>
      </trkpt>
      <trkpt lat="-26.00901192985475" lon="-65.84512892179191">
        <ele>1563.18</ele>
      </trkpt>
      <trkpt lat="-26.00902793928981" lon="-65.84512397646904">
        <ele>1564.12</ele>
      </trkpt>
      <trkpt lat="-26.009106980636716" lon="-65.84509899839759">
        <ele>1565.06</ele>
      </trkpt>
      <trkpt lat="-26.009127935394645" lon="-65.84508592262864">
        <ele>1566.02</ele>
      </trkpt>
      <trkpt lat="-26.009148973971605" lon="-65.84502498619258">
        <ele>1567.08</ele>
      </trkpt>
      <trkpt lat="-26.009166995063424" lon="-65.84498492069542">
        <ele>1568.09</ele>
      </trkpt>
      <trkpt lat="-26.009232960641384" lon="-65.84493496455252">
        <ele>1569.23</ele>
      </trkpt>
      <trkpt lat="-26.009315941482782" lon="-65.8449219726026">
        <ele>1570.27</ele>
      </trkpt>
      <trkpt lat="-26.009326921775937" lon="-65.84492993541062">
        <ele>1571.18</ele>
      </trkpt>
      <trkpt lat="-26.00935097783804" lon="-65.84495893679559">
        <ele>1572.05</ele>
      </trkpt>
      <trkpt lat="-26.009365981444716" lon="-65.84498693235219">
        <ele>1572.87</ele>
      </trkpt>
      <trkpt lat="-26.00937193259597" lon="-65.84499397315085">
        <ele>1573.76</ele>
      </trkpt>
      <trkpt lat="-26.0093979164958" lon="-65.84500595927238">
        <ele>1574.63</ele>
      </trkpt>
      <trkpt lat="-26.00940093398094" lon="-65.84499891847372">
        <ele>1575.55</ele>
      </trkpt>
      <trkpt lat="-26.009409986436367" lon="-65.84497896954417">
        <ele>1576.52</ele>
      </trkpt>
      <trkpt lat="-26.009386936202645" lon="-65.84496195428073">
        <ele>1577.43</ele>
      </trkpt>
      <trkpt lat="-26.009413925930858" lon="-65.84493295289576">
        <ele>1578.43</ele>
      </trkpt>
      <trkpt lat="-26.009466983377934" lon="-65.84486799314618">
        <ele>1579.55</ele>
      </trkpt>
      <trkpt lat="-26.009473940357566" lon="-65.84485894069076">
        <ele>1580.46</ele>
      </trkpt>
      <trkpt lat="-26.00948299281299" lon="-65.84485198371112">
        <ele>1581.33</ele>
      </trkpt>
      <trkpt lat="-26.009539989754558" lon="-65.84485097788274">
        <ele>1582.2</ele>
      </trkpt>
      <trkpt lat="-26.009575948119164" lon="-65.8448429312557">
        <ele>1583.07</ele>
      </trkpt>
      <trkpt lat="-26.009585922583938" lon="-65.84484192542732">
        <ele>1583.86</ele>
      </trkpt>
      <trkpt lat="-26.009623976424336" lon="-65.84484192542732">
        <ele>1584.62</ele>
      </trkpt>
      <trkpt lat="-26.009641997516155" lon="-65.84483597427607">
        <ele>1585.38</ele>
      </trkpt>
      <trkpt lat="-26.009682985022664" lon="-65.8448149356991">
        <ele>1586.12</ele>
      </trkpt>
      <trkpt lat="-26.0096949711442" lon="-65.84480999037623">
        <ele>1586.86</ele>
      </trkpt>
      <trkpt lat="-26.009706957265735" lon="-65.84480194374919">
        <ele>1587.59</ele>
      </trkpt>
      <trkpt lat="-26.009725984185934" lon="-65.84478492848575">
        <ele>1588.32</ele>
      </trkpt>
      <trkpt lat="-26.009727995842695" lon="-65.8447789773345">
        <ele>1589.04</ele>
      </trkpt>
      <trkpt lat="-26.009710980579257" lon="-65.84477093070745">
        <ele>1589.77</ele>
      </trkpt>
      <trkpt lat="-26.009690947830677" lon="-65.84470898844302">
        <ele>1590.63</ele>
      </trkpt>
      <trkpt lat="-26.009724978357553" lon="-65.84469792433083">
        <ele>1591.34</ele>
      </trkpt>
      <trkpt lat="-26.009754985570908" lon="-65.84469197317958">
        <ele>1592.04</ele>
      </trkpt>
      <trkpt lat="-26.009778957813978" lon="-65.84466992877424">
        <ele>1592.78</ele>
      </trkpt>
      <trkpt lat="-26.00978096947074" lon="-65.84465492516756">
        <ele>1593.53</ele>
      </trkpt>
      <trkpt lat="-26.00978096947074" lon="-65.84461896680295">
        <ele>1594.34</ele>
      </trkpt>
      <trkpt lat="-26.009809970855713" lon="-65.84456498734653">
        <ele>1595.19</ele>
      </trkpt>
      <trkpt lat="-26.00984995253384" lon="-65.84453498013318">
        <ele>1595.99</ele>
      </trkpt>
      <trkpt lat="-26.009860932826996" lon="-65.84452299401164">
        <ele>1596.75</ele>
      </trkpt>
      <trkpt lat="-26.00986897945404" lon="-65.844486951828">
        <ele>1597.55</ele>
      </trkpt>
      <trkpt lat="-26.009884988889098" lon="-65.84443297237158">
        <ele>1598.39</ele>
      </trkpt>
      <trkpt lat="-26.009886916726828" lon="-65.8444319665432">
        <ele>1599.18</ele>
      </trkpt>
      <trkpt lat="-26.009950954467058" lon="-65.84437798708677">
        <ele>1599.98</ele>
      </trkpt>
      <trkpt lat="-26.00999596528709" lon="-65.84434093907475">
        <ele>1600.78</ele>
      </trkpt>
      <trkpt lat="-26.010004933923483" lon="-65.8443249296397">
        <ele>1601.63</ele>
      </trkpt>
      <trkpt lat="-26.010029995813966" lon="-65.84430397488177">
        <ele>1602.48</ele>
      </trkpt>
      <trkpt lat="-26.010054973885417" lon="-65.84428997710347">
        <ele>1603.36</ele>
      </trkpt>
      <trkpt lat="-26.010067965835333" lon="-65.84428193047643">
        <ele>1604.29</ele>
      </trkpt>
      <trkpt lat="-26.010078946128488" lon="-65.84427296184003">
        <ele>1605.27</ele>
      </trkpt>
      <trkpt lat="-26.010089926421642" lon="-65.84425494074821">
        <ele>1606.3</ele>
      </trkpt>
      <trkpt lat="-26.010086992755532" lon="-65.84424396045506">
        <ele>1607.37</ele>
      </trkpt>
      <trkpt lat="-26.010032929480076" lon="-65.84414195269346">
        <ele>1608.65</ele>
      </trkpt>
      <trkpt lat="-26.01002094335854" lon="-65.84413197822869">
        <ele>1609.82</ele>
      </trkpt>
      <trkpt lat="-26.009941985830665" lon="-65.84403198212385">
        <ele>1611.22</ele>
      </trkpt>
      <trkpt lat="-26.009919941425323" lon="-65.84400096908212">
        <ele>1612.49</ele>
      </trkpt>
      <trkpt lat="-26.009837966412306" lon="-65.8439279627055">
        <ele>1613.9</ele>
      </trkpt>
      <trkpt lat="-26.0097139980644" lon="-65.8438449818641">
        <ele>1615.3</ele>
      </trkpt>
      <trkpt lat="-26.009684996679425" lon="-65.8438259549439">
        <ele>1616.61</ele>
      </trkpt>
      <trkpt lat="-26.009648954495788" lon="-65.84378798492253">
        <ele>1617.95</ele>
      </trkpt>
      <trkpt lat="-26.00962799973786" lon="-65.84376392886043">
        <ele>1619.28</ele>
      </trkpt>
      <trkpt lat="-26.009626993909478" lon="-65.84374397993088">
        <ele>1620.6</ele>
      </trkpt>
      <trkpt lat="-26.009513000026345" lon="-65.84357106126845">
        <ele>1622.12</ele>
      </trkpt>
      <trkpt lat="-26.00939892232418" lon="-65.84339797496796">
        <ele>1623.64</ele>
      </trkpt>
      <trkpt lat="-26.009385930374265" lon="-65.84338297136128">
        <ele>1624.94</ele>
      </trkpt>
      <trkpt lat="-26.009370926767588" lon="-65.84336997941136">
        <ele>1626.22</ele>
      </trkpt>
      <trkpt lat="-26.00935692898929" lon="-65.84335698746145">
        <ele>1627.49</ele>
      </trkpt>
      <trkpt lat="-26.009342931210995" lon="-65.84333796054125">
        <ele>1628.73</ele>
      </trkpt>
      <trkpt lat="-26.009276965633035" lon="-65.84329093806446">
        <ele>1630.0</ele>
      </trkpt>
      <trkpt lat="-26.0091819986701" lon="-65.84320393390954">
        <ele>1631.26</ele>
      </trkpt>
      <trkpt lat="-26.009172946214676" lon="-65.84318398497999">
        <ele>1632.43</ele>
      </trkpt>
      <trkpt lat="-26.009155930951238" lon="-65.84314299747348">
        <ele>1633.6</ele>
      </trkpt>
      <trkpt lat="-26.00913497619331" lon="-65.84301995113492">
        <ele>1634.78</ele>
      </trkpt>
      <trkpt lat="-26.009101951494813" lon="-65.84287695586681">
        <ele>1635.95</ele>
      </trkpt>
      <trkpt lat="-26.009087953716516" lon="-65.84279598668218">
        <ele>1637.08</ele>
      </trkpt>
      <trkpt lat="-26.009080996736884" lon="-65.84269993007183">
        <ele>1638.2</ele>
      </trkpt>
      <trkpt lat="-26.009078985080123" lon="-65.84257596172392">
        <ele>1639.29</ele>
      </trkpt>
      <trkpt lat="-26.00907194428146" lon="-65.84253095090389">
        <ele>1640.34</ele>
      </trkpt>
      <trkpt lat="-26.0090749617666" lon="-65.84251594729722">
        <ele>1641.34</ele>
      </trkpt>
      <trkpt lat="-26.00909792818129" lon="-65.84246096201241">
        <ele>1642.35</ele>
      </trkpt>
      <trkpt lat="-26.009142939001322" lon="-65.84240295924246">
        <ele>1643.32</ele>
      </trkpt>
      <trkpt lat="-26.00917998701334" lon="-65.84238493815064">
        <ele>1644.25</ele>
      </trkpt>
      <trkpt lat="-26.009341925382614" lon="-65.84229198284447">
        <ele>1645.16</ele>
      </trkpt>
      <trkpt lat="-26.009472934529185" lon="-65.84218695759773">
        <ele>1646.26</ele>
      </trkpt>
      <trkpt lat="-26.00954996421933" lon="-65.84217899478972">
        <ele>1647.26</ele>
      </trkpt>
      <trkpt lat="-26.00956697948277" lon="-65.84219198673964">
        <ele>1648.22</ele>
      </trkpt>
      <trkpt lat="-26.00963093340397" lon="-65.84222794510424">
        <ele>1649.25</ele>
      </trkpt>
      <trkpt lat="-26.009640991687775" lon="-65.842229956761">
        <ele>1650.26</ele>
      </trkpt>
      <trkpt lat="-26.009680973365903" lon="-65.84221696481109">
        <ele>1651.35</ele>
      </trkpt>
      <trkpt lat="-26.009706957265735" lon="-65.84220296703279">
        <ele>1652.42</ele>
      </trkpt>
      <trkpt lat="-26.009750962257385" lon="-65.84218092262745">
        <ele>1653.55</ele>
      </trkpt>
      <trkpt lat="-26.00980393588543" lon="-65.84216499701142">
        <ele>1654.68</ele>
      </trkpt>
      <trkpt lat="-26.009817933663726" lon="-65.84216298535466">
        <ele>1655.75</ele>
      </trkpt>
      <trkpt lat="-26.009851964190602" lon="-65.84215192124248">
        <ele>1656.88</ele>
      </trkpt>
      <trkpt lat="-26.0098709911108" lon="-65.84214395843446">
        <ele>1657.99</ele>
      </trkpt>
      <trkpt lat="-26.009940980002284" lon="-65.84215695038438">
        <ele>1659.14</ele>
      </trkpt>
      <trkpt lat="-26.01002094335854" lon="-65.8421369176358">
        <ele>1660.34</ele>
      </trkpt>
      <trkpt lat="-26.01010895334184" lon="-65.84219592623413">
        <ele>1661.5</ele>
      </trkpt>
      <trkpt lat="-26.010205931961536" lon="-65.84221696481109">
        <ele>1662.7</ele>
      </trkpt>
      <trkpt lat="-26.01027499884367" lon="-65.84223699755967">
        <ele>1663.86</ele>
      </trkpt>
      <trkpt lat="-26.010284973308444" lon="-65.84223993122578">
        <ele>1664.95</ele>
      </trkpt>
      <trkpt lat="-26.01035999134183" lon="-65.84223993122578">
        <ele>1666.11</ele>
      </trkpt>
      <trkpt lat="-26.01040793582797" lon="-65.842229956761">
        <ele>1667.23</ele>
      </trkpt>
      <trkpt lat="-26.010434925556183" lon="-65.84221394732594">
        <ele>1668.32</ele>
      </trkpt>
      <trkpt lat="-26.010459987446666" lon="-65.84219793789089">
        <ele>1669.39</ele>
      </trkpt>
      <trkpt lat="-26.010501980781555" lon="-65.8421939983964">
        <ele>1670.45</ele>
      </trkpt>
      <trkpt lat="-26.010529976338148" lon="-65.84218293428421">
        <ele>1671.49</ele>
      </trkpt>
      <trkpt lat="-26.01058093830943" lon="-65.84216298535466">
        <ele>1672.56</ele>
      </trkpt>
      <trkpt lat="-26.010633995756507" lon="-65.84220095537603">
        <ele>1673.57</ele>
      </trkpt>
      <trkpt lat="-26.010677916929126" lon="-65.8421939983964">
        <ele>1674.6</ele>
      </trkpt>
      <trkpt lat="-26.010701972991228" lon="-65.84216499701142">
        <ele>1675.61</ele>
      </trkpt>
      <trkpt lat="-26.010739943012595" lon="-65.84213096648455">
        <ele>1676.6</ele>
      </trkpt>
      <trkpt lat="-26.01077196188271" lon="-65.84212593734264">
        <ele>1677.54</ele>
      </trkpt>
      <trkpt lat="-26.010776991024613" lon="-65.84212694317102">
        <ele>1678.44</ele>
      </trkpt>
      <trkpt lat="-26.010776991024613" lon="-65.8421279489994">
        <ele>1679.33</ele>
      </trkpt>
      <trkpt lat="-26.010819990187883" lon="-65.84216793067753">
        <ele>1680.18</ele>
      </trkpt>
      <trkpt lat="-26.01090095937252" lon="-65.84218997508287">
        <ele>1681.09</ele>
      </trkpt>
      <trkpt lat="-26.010904982686043" lon="-65.84218092262745">
        <ele>1682.0</ele>
      </trkpt>
      <trkpt lat="-26.010912945494056" lon="-65.84216399118304">
        <ele>1682.92</ele>
      </trkpt>
      <trkpt lat="-26.01092291995883" lon="-65.842155944556">
        <ele>1683.82</ele>
      </trkpt>
      <trkpt lat="-26.01094496436417" lon="-65.84213599562645">
        <ele>1684.77</ele>
      </trkpt>
      <trkpt lat="-26.010979916900396" lon="-65.8421059884131">
        <ele>1685.73</ele>
      </trkpt>
      <trkpt lat="-26.011018976569176" lon="-65.84204697981477">
        <ele>1686.72</ele>
      </trkpt>
      <trkpt lat="-26.011022999882698" lon="-65.84198394790292">
        <ele>1687.7</ele>
      </trkpt>
      <trkpt lat="-26.01102693937719" lon="-65.8418829459697">
        <ele>1688.73</ele>
      </trkpt>
      <trkpt lat="-26.011034986004233" lon="-65.84186098538339">
        <ele>1689.68</ele>
      </trkpt>
      <trkpt lat="-26.01104998961091" lon="-65.84181496873498">
        <ele>1690.65</ele>
      </trkpt>
      <trkpt lat="-26.01104697212577" lon="-65.84177398122847">
        <ele>1691.63</ele>
      </trkpt>
      <trkpt lat="-26.01105191744864" lon="-65.84176098927855">
        <ele>1692.59</ele>
      </trkpt>
      <trkpt lat="-26.01106993854046" lon="-65.84172293543816">
        <ele>1693.57</ele>
      </trkpt>
      <trkpt lat="-26.011105980724096" lon="-65.84167096763849">
        <ele>1694.56</ele>
      </trkpt>
      <trkpt lat="-26.01113498210907" lon="-65.84162998013198">
        <ele>1695.56</ele>
      </trkpt>
      <trkpt lat="-26.011196924373507" lon="-65.84152495488524">
        <ele>1696.59</ele>
      </trkpt>
      <trkpt lat="-26.01120295934379" lon="-65.84147298708558">
        <ele>1697.61</ele>
      </trkpt>
      <trkpt lat="-26.011190973222256" lon="-65.84143593907356">
        <ele>1698.65</ele>
      </trkpt>
      <trkpt lat="-26.01117898710072" lon="-65.84140098653734">
        <ele>1699.69</ele>
      </trkpt>
      <trkpt lat="-26.01117898710072" lon="-65.84136595018208">
        <ele>1700.71</ele>
      </trkpt>
      <trkpt lat="-26.011171946302056" lon="-65.84128095768392">
        <ele>1701.82</ele>
      </trkpt>
      <trkpt lat="-26.01119893603027" lon="-65.84120895713568">
        <ele>1702.87</ele>
      </trkpt>
      <trkpt lat="-26.0112249199301" lon="-65.841119941324">
        <ele>1703.88</ele>
      </trkpt>
      <trkpt lat="-26.01124595850706" lon="-65.84107493050396">
        <ele>1704.85</ele>
      </trkpt>
      <trkpt lat="-26.011258950456977" lon="-65.84099094383419">
        <ele>1705.83</ele>
      </trkpt>
      <trkpt lat="-26.011280994862318" lon="-65.84082598797977">
        <ele>1706.85</ele>
      </trkpt>
      <trkpt lat="-26.011303961277008" lon="-65.84073496051133">
        <ele>1707.77</ele>
      </trkpt>
      <trkpt lat="-26.011314941570163" lon="-65.84069095551968">
        <ele>1708.61</ele>
      </trkpt>
      <trkpt lat="-26.011344948783517" lon="-65.84066798910499">
        <ele>1709.39</ele>
      </trkpt>
      <trkpt lat="-26.01141795516014" lon="-65.84061493165791">
        <ele>1710.11</ele>
      </trkpt>
      <trkpt lat="-26.011525997892022" lon="-65.84052197635174">
        <ele>1710.82</ele>
      </trkpt>
      <trkpt lat="-26.011640997603536" lon="-65.84045894443989">
        <ele>1711.52</ele>
      </trkpt>
      <trkpt lat="-26.011748956516385" lon="-65.84036397747695">
        <ele>1712.23</ele>
      </trkpt>
      <trkpt lat="-26.011790949851274" lon="-65.84030195139349">
        <ele>1712.82</ele>
      </trkpt>
      <trkpt lat="-26.011819951236248" lon="-65.8402789849788">
        <ele>1713.35</ele>
      </trkpt>
      <trkpt lat="-26.011855993419886" lon="-65.84025895223022">
        <ele>1713.82</ele>
      </trkpt>
      <trkpt lat="-26.01193394511938" lon="-65.84022995084524">
        <ele>1714.26</ele>
      </trkpt>
      <trkpt lat="-26.012028995901346" lon="-65.84022894501686">
        <ele>1714.64</ele>
      </trkpt>
      <trkpt lat="-26.01205992512405" lon="-65.8402179647237">
        <ele>1714.98</ele>
      </trkpt>
      <trkpt lat="-26.01210493594408" lon="-65.84020094946027">
        <ele>1715.27</ele>
      </trkpt>
      <trkpt lat="-26.01214298978448" lon="-65.8401719480753">
        <ele>1715.52</ele>
      </trkpt>
      <trkpt lat="-26.01218699477613" lon="-65.84013196639717">
        <ele>1715.73</ele>
      </trkpt>
      <trkpt lat="-26.01218791678548" lon="-65.84013096056879">
        <ele>1715.92</ele>
      </trkpt>
      <trkpt lat="-26.012256983667612" lon="-65.83998796530068">
        <ele>1716.05</ele>
      </trkpt>
      <trkpt lat="-26.01218699477613" lon="-65.83997195586562">
        <ele>1716.24</ele>
      </trkpt>
      <trkpt lat="-26.01206394843757" lon="-65.83989098668098">
        <ele>1716.42</ele>
      </trkpt>
      <trkpt lat="-26.012053973972797" lon="-65.83988294005394">
        <ele>1716.51</ele>
      </trkpt>
      <trkpt lat="-26.011946937069297" lon="-65.83984295837581">
        <ele>1716.58</ele>
      </trkpt>
      <trkpt lat="-26.011899998411536" lon="-65.83981898613274">
        <ele>1716.62</ele>
      </trkpt>
      <trkpt lat="-26.011818945407867" lon="-65.8398109395057">
        <ele>1716.66</ele>
      </trkpt>
      <trkpt lat="-26.011750968173146" lon="-65.83982393145561">
        <ele>1716.66</ele>
      </trkpt>
      <trkpt lat="-26.0117119923234" lon="-65.83982493728399">
        <ele>1716.66</ele>
      </trkpt>
      <trkpt lat="-26.011697994545102" lon="-65.8398159686476">
        <ele>1716.66</ele>
      </trkpt>
      <trkpt lat="-26.011701934039593" lon="-65.8398109395057">
        <ele>1716.64</ele>
      </trkpt>
      <trkpt lat="-26.01169698871672" lon="-65.83976794034243">
        <ele>1716.63</ele>
      </trkpt>
      <trkpt lat="-26.01167695596814" lon="-65.83968898281455">
        <ele>1716.62</ele>
      </trkpt>
      <trkpt lat="-26.011663964018226" lon="-65.83966392092407">
        <ele>1716.59</ele>
      </trkpt>
      <trkpt lat="-26.011637980118394" lon="-65.83964992314577">
        <ele>1716.56</ele>
      </trkpt>
      <trkpt lat="-26.011627921834588" lon="-65.83964598365128">
        <ele>1716.53</ele>
      </trkpt>
      <trkpt lat="-26.01154795847833" lon="-65.83961295895278">
        <ele>1716.49</ele>
      </trkpt>
      <trkpt lat="-26.011534966528416" lon="-65.83960994146764">
        <ele>1716.46</ele>
      </trkpt>
      <trkpt lat="-26.01152298040688" lon="-65.83960197865963">
        <ele>1716.43</ele>
      </trkpt>
      <trkpt lat="-26.011494984850287" lon="-65.83958295173943">
        <ele>1716.4</ele>
      </trkpt>
      <trkpt lat="-26.01145994849503" lon="-65.83956995978951">
        <ele>1716.36</ele>
      </trkpt>
      <trkpt lat="-26.01139398291707" lon="-65.83954699337482">
        <ele>1716.33</ele>
      </trkpt>
      <trkpt lat="-26.011400939896703" lon="-65.83954992704093">
        <ele>1716.3</ele>
      </trkpt>
      <trkpt lat="-26.011346960440278" lon="-65.83953198976815">
        <ele>1716.27</ele>
      </trkpt>
      <trkpt lat="-26.011295998468995" lon="-65.83950793370605">
        <ele>1716.24</ele>
      </trkpt>
      <trkpt lat="-26.01128895767033" lon="-65.83945294842124">
        <ele>1716.22</ele>
      </trkpt>
      <trkpt lat="-26.011296920478344" lon="-65.83939293399453">
        <ele>1716.2</ele>
      </trkpt>
      <trkpt lat="-26.011258950456977" lon="-65.83931598812342">
        <ele>1716.17</ele>
      </trkpt>
      <trkpt lat="-26.01124294102192" lon="-65.83929193206131">
        <ele>1716.13</ele>
      </trkpt>
      <trkpt lat="-26.011211927980185" lon="-65.83919797092676">
        <ele>1716.07</ele>
      </trkpt>
      <trkpt lat="-26.011185944080353" lon="-65.83916092291474">
        <ele>1716.01</ele>
      </trkpt>
      <trkpt lat="-26.011170940473676" lon="-65.83914692513645">
        <ele>1715.93</ele>
      </trkpt>
      <trkpt lat="-26.01115895435214" lon="-65.83913393318653">
        <ele>1715.84</ele>
      </trkpt>
      <trkpt lat="-26.011141939088702" lon="-65.83908498287201">
        <ele>1715.74</ele>
      </trkpt>
      <trkpt lat="-26.011118972674012" lon="-65.83907098509371">
        <ele>1715.61</ele>
      </trkpt>
      <trkpt lat="-26.011062981560826" lon="-65.83900895901024">
        <ele>1715.47</ele>
      </trkpt>
      <trkpt lat="-26.011060969904065" lon="-65.83900191821158">
        <ele>1715.3</ele>
      </trkpt>
      <trkpt lat="-26.011042948812246" lon="-65.83898498676717">
        <ele>1715.12</ele>
      </trkpt>
      <trkpt lat="-26.011045966297388" lon="-65.83898892626166">
        <ele>1714.91</ele>
      </trkpt>
      <trkpt lat="-26.011002967134118" lon="-65.83895397372544">
        <ele>1714.66</ele>
      </trkpt>
      <trkpt lat="-26.010890984907746" lon="-65.8389559853822">
        <ele>1714.37</ele>
      </trkpt>
      <trkpt lat="-26.010798951610923" lon="-65.83895397372544">
        <ele>1714.04</ele>
      </trkpt>
      <trkpt lat="-26.010757964104414" lon="-65.83894098177552">
        <ele>1713.71</ele>
      </trkpt>
      <trkpt lat="-26.010743966326118" lon="-65.83892396651208">
        <ele>1713.35</ele>
      </trkpt>
      <trkpt lat="-26.0107069183141" lon="-65.83886596374214">
        <ele>1712.95</ele>
      </trkpt>
      <trkpt lat="-26.0106619913131" lon="-65.83883193321526">
        <ele>1712.51</ele>
      </trkpt>
      <trkpt lat="-26.010611951351166" lon="-65.83880896680057">
        <ele>1712.05</ele>
      </trkpt>
      <trkpt lat="-26.010594936087728" lon="-65.83880293183029">
        <ele>1711.57</ele>
      </trkpt>
      <trkpt lat="-26.010559983551502" lon="-65.83878993988037">
        <ele>1711.04</ele>
      </trkpt>
      <trkpt lat="-26.010500974953175" lon="-65.83873093128204">
        <ele>1710.47</ele>
      </trkpt>
      <trkpt lat="-26.010462921112776" lon="-65.83867996931076">
        <ele>1709.88</ele>
      </trkpt>
      <trkpt lat="-26.010420927777886" lon="-65.83864593878388">
        <ele>1709.25</ele>
      </trkpt>
      <trkpt lat="-26.010378934442997" lon="-65.83861894905567">
        <ele>1708.6</ele>
      </trkpt>
      <trkpt lat="-26.010304922237992" lon="-65.83863194100559">
        <ele>1707.89</ele>
      </trkpt>
      <trkpt lat="-26.010156981647015" lon="-65.83864694461226">
        <ele>1707.09</ele>
      </trkpt>
      <trkpt lat="-26.010141978040338" lon="-65.83864895626903">
        <ele>1706.36</ele>
      </trkpt>
      <trkpt lat="-26.010097973048687" lon="-65.8386589307338">
        <ele>1705.56</ele>
      </trkpt>
      <trkpt lat="-26.010087998583913" lon="-65.8386689890176">
        <ele>1704.78</ele>
      </trkpt>
      <trkpt lat="-26.010028989985585" lon="-65.83873093128204">
        <ele>1703.91</ele>
      </trkpt>
      <trkpt lat="-26.010023960843682" lon="-65.83873596042395">
        <ele>1703.09</ele>
      </trkpt>
      <trkpt lat="-26.01002094335854" lon="-65.83874098956585">
        <ele>1702.26</ele>
      </trkpt>
      <trkpt lat="-26.00997794419527" lon="-65.83875599317253">
        <ele>1701.36</ele>
      </trkpt>
      <trkpt lat="-26.00995598360896" lon="-65.83876797929406">
        <ele>1700.47</ele>
      </trkpt>
      <trkpt lat="-26.009904937818646" lon="-65.83879496902227">
        <ele>1699.52</ele>
      </trkpt>
      <trkpt lat="-26.009895969182253" lon="-65.83879496902227">
        <ele>1698.63</ele>
      </trkpt>
      <trkpt lat="-26.009879959747195" lon="-65.83879999816418">
        <ele>1697.72</ele>
      </trkpt>
      <trkpt lat="-26.009838972240686" lon="-65.83878591656685">
        <ele>1696.76</ele>
      </trkpt>
      <trkpt lat="-26.009821956977248" lon="-65.83877795375884">
        <ele>1695.84</ele>
      </trkpt>
      <trkpt lat="-26.009808965027332" lon="-65.83876898512244">
        <ele>1694.92</ele>
      </trkpt>
      <trkpt lat="-26.009794967249036" lon="-65.83874794654548">
        <ele>1694.01</ele>
      </trkpt>
      <trkpt lat="-26.009773928672075" lon="-65.83873596042395">
        <ele>1693.09</ele>
      </trkpt>
      <trkpt lat="-26.009773928672075" lon="-65.83872891962528">
        <ele>1692.2</ele>
      </trkpt>
      <trkpt lat="-26.009742999449372" lon="-65.83872891962528">
        <ele>1691.27</ele>
      </trkpt>
      <trkpt lat="-26.009638980031013" lon="-65.83873897790909">
        <ele>1690.24</ele>
      </trkpt>
      <trkpt lat="-26.00961391814053" lon="-65.83875297568738">
        <ele>1689.35</ele>
      </trkpt>
      <trkpt lat="-26.009593969210982" lon="-65.83872095681727">
        <ele>1688.52</ele>
      </trkpt>
      <trkpt lat="-26.009584916755557" lon="-65.83870494738221">
        <ele>1687.72</ele>
      </trkpt>
      <trkpt lat="-26.009541917592287" lon="-65.83866999484599">
        <ele>1686.9</ele>
      </trkpt>
      <trkpt lat="-26.00948299281299" lon="-65.83855792880058">
        <ele>1686.11</ele>
      </trkpt>
      <trkpt lat="-26.009449968114495" lon="-65.83852197043598">
        <ele>1685.38</ele>
      </trkpt>
      <trkpt lat="-26.009424990043044" lon="-65.83851291798055">
        <ele>1684.7</ele>
      </trkpt>
      <trkpt lat="-26.00935198366642" lon="-65.83849699236453">
        <ele>1684.01</ele>
      </trkpt>
      <trkpt lat="-26.009272942319512" lon="-65.83850797265768">
        <ele>1683.4</ele>
      </trkpt>
      <trkpt lat="-26.009164983406663" lon="-65.83853596821427">
        <ele>1682.88</ele>
      </trkpt>
      <trkpt lat="-26.009152997285128" lon="-65.83854393102229">
        <ele>1682.44</ele>
      </trkpt>
      <trkpt lat="-26.009131958708167" lon="-65.83856899291277">
        <ele>1682.04</ele>
      </trkpt>
      <trkpt lat="-26.009101951494813" lon="-65.83858693018556">
        <ele>1681.69</ele>
      </trkpt>
      <trkpt lat="-26.009060963988304" lon="-65.83860495127738">
        <ele>1681.4</ele>
      </trkpt>
      <trkpt lat="-26.009024921804667" lon="-65.83860998041928">
        <ele>1681.17</ele>
      </trkpt>
      <trkpt lat="-26.00898795761168" lon="-65.83859992213547">
        <ele>1681.03</ele>
      </trkpt>
      <trkpt lat="-26.00894697010517" lon="-65.83856597542763">
        <ele>1680.95</ele>
      </trkpt>
      <trkpt lat="-26.00894194096327" lon="-65.83856295794249">
        <ele>1680.9</ele>
      </trkpt>
      <trkpt lat="-26.00892391987145" lon="-65.83854393102229">
        <ele>1680.9</ele>
      </trkpt>
      <trkpt lat="-26.008915957063437" lon="-65.83853898569942">
        <ele>1680.95</ele>
      </trkpt>
      <trkpt lat="-26.008908916264772" lon="-65.83853697404265">
        <ele>1681.03</ele>
      </trkpt>
      <trkpt lat="-26.008884944021702" lon="-65.83850897848606">
        <ele>1681.18</ele>
      </trkpt>
      <trkpt lat="-26.00887798704207" lon="-65.83850093185902">
        <ele>1681.35</ele>
      </trkpt>
      <trkpt lat="-26.00886097177863" lon="-65.83846799097955">
        <ele>1681.56</ele>
      </trkpt>
      <trkpt lat="-26.00885694846511" lon="-65.83843999542296">
        <ele>1681.8</ele>
      </trkpt>
      <trkpt lat="-26.00883892737329" lon="-65.8384099882096">
        <ele>1682.08</ele>
      </trkpt>
      <trkpt lat="-26.00883297622204" lon="-65.83840093575418">
        <ele>1682.37</ele>
      </trkpt>
      <trkpt lat="-26.008821995928884" lon="-65.83840596489608">
        <ele>1682.7</ele>
      </trkpt>
      <trkpt lat="-26.008810931816697" lon="-65.8384139277041">
        <ele>1683.04</ele>
      </trkpt>
      <trkpt lat="-26.008808920159936" lon="-65.8384139277041">
        <ele>1683.4</ele>
      </trkpt>
      <trkpt lat="-26.008826941251755" lon="-65.83843999542296">
        <ele>1683.76</ele>
      </trkpt>
      <trkpt lat="-26.008831970393658" lon="-65.83845499902964">
        <ele>1684.14</ele>
      </trkpt>
      <trkpt lat="-26.008831970393658" lon="-65.83848592825234">
        <ele>1684.54</ele>
      </trkpt>
      <trkpt lat="-26.008808920159936" lon="-65.8385569229722">
        <ele>1684.96</ele>
      </trkpt>
      <trkpt lat="-26.008783942088485" lon="-65.83857796154916">
        <ele>1685.39</ele>
      </trkpt>
      <trkpt lat="-26.008743960410357" lon="-65.83860495127738">
        <ele>1685.85</ele>
      </trkpt>
      <trkpt lat="-26.00870397873223" lon="-65.83862498402596">
        <ele>1686.31</ele>
      </trkpt>
      <trkpt lat="-26.008692998439074" lon="-65.83863395266235">
        <ele>1686.74</ele>
      </trkpt>
      <trkpt lat="-26.008675983175635" lon="-65.8386639598757">
        <ele>1687.18</ele>
      </trkpt>
      <trkpt lat="-26.00864295847714" lon="-65.8386919554323">
        <ele>1687.62</ele>
      </trkpt>
      <trkpt lat="-26.008635917678475" lon="-65.8386919554323">
        <ele>1688.04</ele>
      </trkpt>
      <trkpt lat="-26.008629966527224" lon="-65.83869296126068">
        <ele>1688.44</ele>
      </trkpt>
      <trkpt lat="-26.008614962920547" lon="-65.83867695182562">
        <ele>1688.84</ele>
      </trkpt>
      <trkpt lat="-26.00861999206245" lon="-65.83866597153246">
        <ele>1689.2</ele>
      </trkpt>
      <trkpt lat="-26.00860197097063" lon="-65.83859095349908">
        <ele>1689.57</ele>
      </trkpt>
      <trkpt lat="-26.008570957928896" lon="-65.83847193047404">
        <ele>1689.93</ele>
      </trkpt>
      <trkpt lat="-26.0085569601506" lon="-65.83844896405935">
        <ele>1690.24</ele>
      </trkpt>
      <trkpt lat="-26.00848898291588" lon="-65.83838098682463">
        <ele>1690.57</ele>
      </trkpt>
      <trkpt lat="-26.008474985137582" lon="-65.83834896795452">
        <ele>1690.82</ele>
      </trkpt>
      <trkpt lat="-26.008443972095847" lon="-65.8383119199425">
        <ele>1691.04</ele>
      </trkpt>
      <trkpt lat="-26.008431985974312" lon="-65.83830798044801">
        <ele>1691.2</ele>
      </trkpt>
      <trkpt lat="-26.008414970710874" lon="-65.83829892799258">
        <ele>1691.33</ele>
      </trkpt>
      <trkpt lat="-26.00838697515428" lon="-65.83826296962798">
        <ele>1691.43</ele>
      </trkpt>
      <trkpt lat="-26.008354956284165" lon="-65.83819893188775">
        <ele>1691.49</ele>
      </trkpt>
      <trkpt lat="-26.008348921313882" lon="-65.83818895742297">
        <ele>1691.49</ele>
      </trkpt>
      <trkpt lat="-26.00832394324243" lon="-65.83814696408808">
        <ele>1691.47</ele>
      </trkpt>
      <trkpt lat="-26.008314974606037" lon="-65.83810597658157">
        <ele>1691.36</ele>
      </trkpt>
      <trkpt lat="-26.00827993825078" lon="-65.83795392885804">
        <ele>1691.16</ele>
      </trkpt>
      <trkpt lat="-26.008244985714555" lon="-65.83784194663167">
        <ele>1690.97</ele>
      </trkpt>
      <trkpt lat="-26.008223947137594" lon="-65.83780498243868">
        <ele>1690.77</ele>
      </trkpt>
      <trkpt lat="-26.0082149785012" lon="-65.8377849496901">
        <ele>1690.55</ele>
      </trkpt>
      <trkpt lat="-26.008208943530917" lon="-65.83777799271047">
        <ele>1690.31</ele>
      </trkpt>
      <trkpt lat="-26.008195951581" lon="-65.83774798549712">
        <ele>1690.05</ele>
      </trkpt>
      <trkpt lat="-26.008202992379665" lon="-65.83773893304169">
        <ele>1689.77</ele>
      </trkpt>
      <trkpt lat="-26.00823492743075" lon="-65.83770699799061">
        <ele>1689.47</ele>
      </trkpt>
      <trkpt lat="-26.008225958794355" lon="-65.83767397329211">
        <ele>1689.16</ele>
      </trkpt>
      <trkpt lat="-26.00821397267282" lon="-65.83763893693686">
        <ele>1688.85</ele>
      </trkpt>
      <trkpt lat="-26.008205926045775" lon="-65.83761999383569">
        <ele>1688.54</ele>
      </trkpt>
      <trkpt lat="-26.008204920217395" lon="-65.83761295303702">
        <ele>1688.25</ele>
      </trkpt>
      <trkpt lat="-26.00818899460137" lon="-65.83756894804537">
        <ele>1687.93</ele>
      </trkpt>
      <trkpt lat="-26.008180947974324" lon="-65.8375539444387">
        <ele>1687.64</ele>
      </trkpt>
      <trkpt lat="-26.00817197933793" lon="-65.83751597441733">
        <ele>1687.34</ele>
      </trkpt>
      <trkpt lat="-26.008162926882505" lon="-65.83750197663903">
        <ele>1687.08</ele>
      </trkpt>
      <trkpt lat="-26.00812797434628" lon="-65.83747792057693">
        <ele>1686.81</ele>
      </trkpt>
      <trkpt lat="-26.008121939375997" lon="-65.83743995055556">
        <ele>1686.56</ele>
      </trkpt>
      <trkpt lat="-26.008134931325912" lon="-65.83741798996925">
        <ele>1686.35</ele>
      </trkpt>
      <trkpt lat="-26.008131997659802" lon="-65.83738496527076">
        <ele>1686.15</ele>
      </trkpt>
      <trkpt lat="-26.008120933547616" lon="-65.83756324835122">
        <ele>1686.06</ele>
      </trkpt>
      <trkpt lat="-26.00810995325446" lon="-65.83774094469845">
        <ele>1686.02</ele>
      </trkpt>
      <trkpt lat="-26.008035941049457" lon="-65.83771998994052">
        <ele>1685.85</ele>
      </trkpt>
      <trkpt lat="-26.007985984906554" lon="-65.8377019688487">
        <ele>1685.71</ele>
      </trkpt>
      <trkpt lat="-26.007968969643116" lon="-65.83770096302032">
        <ele>1685.62</ele>
      </trkpt>
      <trkpt lat="-26.007949942722917" lon="-65.83769895136356">
        <ele>1685.55</ele>
      </trkpt>
      <trkpt lat="-26.007904931902885" lon="-65.83768193610013">
        <ele>1685.47</ele>
      </trkpt>
      <trkpt lat="-26.00787492468953" lon="-65.83767891861498">
        <ele>1685.42</ele>
      </trkpt>
      <trkpt lat="-26.007817927747965" lon="-65.83764597773552">
        <ele>1685.35</ele>
      </trkpt>
      <trkpt lat="-26.00780694745481" lon="-65.83763591945171">
        <ele>1685.35</ele>
      </trkpt>
      <trkpt lat="-26.007799990475178" lon="-65.8376329857856">
        <ele>1685.38</ele>
      </trkpt>
      <trkpt lat="-26.007735952734947" lon="-65.83760993555188">
        <ele>1685.37</ele>
      </trkpt>
      <trkpt lat="-26.00772296078503" lon="-65.83760691806674">
        <ele>1685.44</ele>
      </trkpt>
      <trkpt lat="-26.007713992148638" lon="-65.83760792389512">
        <ele>1685.52</ele>
      </trkpt>
      <trkpt lat="-26.00769898854196" lon="-65.8376089297235">
        <ele>1685.61</ele>
      </trkpt>
      <trkpt lat="-26.00769798271358" lon="-65.8376089297235">
        <ele>1685.71</ele>
      </trkpt>
      <trkpt lat="-26.00797701627016" lon="-65.8377006277442">
        <ele>1686.08</ele>
      </trkpt>
      <trkpt lat="-26.00825797766447" lon="-65.83779299631715">
        <ele>1686.34</ele>
      </trkpt>
      <trkpt lat="-26.008249931037426" lon="-65.83777799271047">
        <ele>1686.42</ele>
      </trkpt>
      <trkpt lat="-26.00823794491589" lon="-65.83775896579027">
        <ele>1686.49</ele>
      </trkpt>
      <trkpt lat="-26.008201986551285" lon="-65.8376609813422">
        <ele>1686.49</ele>
      </trkpt>
      <trkpt lat="-26.00821598432958" lon="-65.83761697635055">
        <ele>1686.49</ele>
      </trkpt>
      <trkpt lat="-26.00821891799569" lon="-65.83759694360197">
        <ele>1686.48</ele>
      </trkpt>
      <trkpt lat="-26.008196957409382" lon="-65.83754195831716">
        <ele>1686.44</ele>
      </trkpt>
      <trkpt lat="-26.00819393992424" lon="-65.8375259488821">
        <ele>1686.38</ele>
      </trkpt>
      <trkpt lat="-26.008182959631085" lon="-65.83745093084872">
        <ele>1686.26</ele>
      </trkpt>
      <trkpt lat="-26.00818798877299" lon="-65.8374379388988">
        <ele>1686.14</ele>
      </trkpt>
      <trkpt lat="-26.008156975731254" lon="-65.83743198774755">
        <ele>1685.98</ele>
      </trkpt>
      <trkpt lat="-26.00814498960972" lon="-65.8373689558357">
        <ele>1685.76</ele>
      </trkpt>
      <trkpt lat="-26.00815094076097" lon="-65.83731799386442">
        <ele>1685.51</ele>
      </trkpt>
      <trkpt lat="-26.00815094076097" lon="-65.83728195168078">
        <ele>1685.23</ele>
      </trkpt>
      <trkpt lat="-26.00814993493259" lon="-65.83723694086075">
        <ele>1684.91</ele>
      </trkpt>
      <trkpt lat="-26.008115988224745" lon="-65.83726099692285">
        <ele>1684.56</ele>
      </trkpt>
      <trkpt lat="-26.00810492411256" lon="-65.83726292476058">
        <ele>1684.19</ele>
      </trkpt>
      <trkpt lat="-26.008037952706218" lon="-65.83727097138762">
        <ele>1683.75</ele>
      </trkpt>
      <trkpt lat="-26.007931921631098" lon="-65.83728396333754">
        <ele>1683.26</ele>
      </trkpt>
      <trkpt lat="-26.007865956053138" lon="-65.83730491809547">
        <ele>1682.72</ele>
      </trkpt>
      <trkpt lat="-26.007844917476177" lon="-65.83731497637928">
        <ele>1682.18</ele>
      </trkpt>
      <trkpt lat="-26.007766965776682" lon="-65.83732696250081">
        <ele>1681.53</ele>
      </trkpt>
      <trkpt lat="-26.007692953571677" lon="-65.83735797554255">
        <ele>1680.86</ele>
      </trkpt>
      <trkpt lat="-26.007673926651478" lon="-65.83735294640064">
        <ele>1680.18</ele>
      </trkpt>
      <trkpt lat="-26.00765397772193" lon="-65.83732092753053">
        <ele>1679.46</ele>
      </trkpt>
      <trkpt lat="-26.007639979943633" lon="-65.83730399608612">
        <ele>1678.7</ele>
      </trkpt>
      <trkpt lat="-26.007617935538292" lon="-65.8372029941529">
        <ele>1677.81</ele>
      </trkpt>
      <trkpt lat="-26.00760997273028" lon="-65.8371789380908">
        <ele>1676.98</ele>
      </trkpt>
      <trkpt lat="-26.00759195163846" lon="-65.83717399276793">
        <ele>1676.13</ele>
      </trkpt>
      <trkpt lat="-26.007561944425106" lon="-65.83714893087745">
        <ele>1675.22</ele>
      </trkpt>
      <trkpt lat="-26.007559932768345" lon="-65.83713895641267">
        <ele>1674.3</ele>
      </trkpt>
      <trkpt lat="-26.007554987445474" lon="-65.83711297251284">
        <ele>1673.34</ele>
      </trkpt>
      <trkpt lat="-26.007553981617093" lon="-65.8370739966631">
        <ele>1672.33</ele>
      </trkpt>
      <trkpt lat="-26.007552975788713" lon="-65.83706393837929">
        <ele>1671.33</ele>
      </trkpt>
      <trkpt lat="-26.00754895247519" lon="-65.8369749225676">
        <ele>1670.18</ele>
      </trkpt>
      <trkpt lat="-26.007551969960332" lon="-65.83696394227445">
        <ele>1669.12</ele>
      </trkpt>
      <trkpt lat="-26.007554987445474" lon="-65.83695597946644">
        <ele>1668.02</ele>
      </trkpt>
      <trkpt lat="-26.007557921111584" lon="-65.83695396780968">
        <ele>1666.93</ele>
      </trkpt>
      <trkpt lat="-26.00754895247519" lon="-65.83691599778831">
        <ele>1665.74</ele>
      </trkpt>
      <trkpt lat="-26.007544929161668" lon="-65.83690099418163">
        <ele>1664.57</ele>
      </trkpt>
      <trkpt lat="-26.007536966353655" lon="-65.83688196726143">
        <ele>1663.38</ele>
      </trkpt>
      <trkpt lat="-26.007535960525274" lon="-65.83684894256294">
        <ele>1662.14</ele>
      </trkpt>
      <trkpt lat="-26.00752992555499" lon="-65.8367959689349">
        <ele>1660.88</ele>
      </trkpt>
      <trkpt lat="-26.007516933605075" lon="-65.83668792620301">
        <ele>1659.52</ele>
      </trkpt>
      <trkpt lat="-26.007517939433455" lon="-65.83665599115193">
        <ele>1658.28</ele>
      </trkpt>
      <trkpt lat="-26.007510982453823" lon="-65.83662992343307">
        <ele>1657.02</ele>
      </trkpt>
      <trkpt lat="-26.00746496580541" lon="-65.83656697534025">
        <ele>1655.7</ele>
      </trkpt>
      <trkpt lat="-26.007453985512257" lon="-65.83656194619834">
        <ele>1654.47</ele>
      </trkpt>
      <trkpt lat="-26.007422972470522" lon="-65.83655599504709">
        <ele>1653.23</ele>
      </trkpt>
      <trkpt lat="-26.00740092806518" lon="-65.8365179412067">
        <ele>1651.97</ele>
      </trkpt>
      <trkpt lat="-26.007370920851827" lon="-65.83645499311388">
        <ele>1650.7</ele>
      </trkpt>
      <trkpt lat="-26.007343931123614" lon="-65.83639799617231">
        <ele>1649.47</ele>
      </trkpt>
      <trkpt lat="-26.007258938625455" lon="-65.83628199063241">
        <ele>1648.18</ele>
      </trkpt>
      <trkpt lat="-26.007217951118946" lon="-65.83621099591255">
        <ele>1646.98</ele>
      </trkpt>
      <trkpt lat="-26.007210994139314" lon="-65.8361759595573">
        <ele>1645.86</ele>
      </trkpt>
      <trkpt lat="-26.007190961390734" lon="-65.83610999397933">
        <ele>1644.74</ele>
      </trkpt>
      <trkpt lat="-26.007167994976044" lon="-65.83606297150254">
        <ele>1643.67</ele>
      </trkpt>
      <trkpt lat="-26.007122984156013" lon="-65.83601997233927">
        <ele>1642.64</ele>
      </trkpt>
      <trkpt lat="-26.00709297694266" lon="-65.83597596734762">
        <ele>1641.67</ele>
      </trkpt>
      <trkpt lat="-26.007090965285897" lon="-65.83596993237734">
        <ele>1640.79</ele>
      </trkpt>
      <trkpt lat="-26.007089959457517" lon="-65.83596993237734">
        <ele>1639.97</ele>
      </trkpt>
      <trkpt lat="-26.00704997777939" lon="-65.83595895208418">
        <ele>1639.18</ele>
      </trkpt>
      <trkpt lat="-26.006954926997423" lon="-65.83583598956466">
        <ele>1638.31</ele>
      </trkpt>
      <trkpt lat="-26.00688099861145" lon="-65.83577597513795">
        <ele>1637.56</ele>
      </trkpt>
      <trkpt lat="-26.006872951984406" lon="-65.83576893433928">
        <ele>1636.93</ele>
      </trkpt>
      <trkpt lat="-26.006932966411114" lon="-65.83585392683744">
        <ele>1636.44</ele>
      </trkpt>
      <trkpt lat="-26.006937995553017" lon="-65.83584495820105">
        <ele>1635.91</ele>
      </trkpt>
      <trkpt lat="-26.006938917562366" lon="-65.83584696985781">
        <ele>1635.41</ele>
      </trkpt>
      <trkpt lat="-26.00692399777472" lon="-65.83586297929287">
        <ele>1634.96</ele>
      </trkpt>
      <trkpt lat="-26.00688393227756" lon="-65.83591595292091">
        <ele>1634.55</ele>
      </trkpt>
      <trkpt lat="-26.006821990013123" lon="-65.83597596734762">
        <ele>1634.17</ele>
      </trkpt>
      <trkpt lat="-26.006803968921304" lon="-65.83597898483276">
        <ele>1633.77</ele>
      </trkpt>
      <trkpt lat="-26.006782930344343" lon="-65.83597999066114">
        <ele>1633.4</ele>
      </trkpt>
      <trkpt lat="-26.00668896920979" lon="-65.83594797179103">
        <ele>1632.97</ele>
      </trkpt>
      <trkpt lat="-26.00667094811797" lon="-65.83593497984111">
        <ele>1632.62</ele>
      </trkpt>
      <trkpt lat="-26.006549997255206" lon="-65.83587697707117">
        <ele>1632.17</ele>
      </trkpt>
      <trkpt lat="-26.006542956456542" lon="-65.83585895597935">
        <ele>1631.84</ele>
      </trkpt>
      <trkpt lat="-26.006542956456542" lon="-65.83585795015097">
        <ele>1631.53</ele>
      </trkpt>
      <trkpt lat="-26.00654195062816" lon="-65.83584797568619">
        <ele>1631.21</ele>
      </trkpt>
      <trkpt lat="-26.00653692148626" lon="-65.83582299761474">
        <ele>1630.87</ele>
      </trkpt>
      <trkpt lat="-26.00651395507157" lon="-65.8357819262892">
        <ele>1630.52</ele>
      </trkpt>
      <trkpt lat="-26.00651496089995" lon="-65.83578092046082">
        <ele>1630.18</ele>
      </trkpt>
      <trkpt lat="-26.006501968950033" lon="-65.83573398180306">
        <ele>1629.8</ele>
      </trkpt>
      <trkpt lat="-26.0064759850502" lon="-65.83569299429655">
        <ele>1629.41</ele>
      </trkpt>
      <trkpt lat="-26.006467938423157" lon="-65.83568092435598">
        <ele>1629.01</ele>
      </trkpt>
      <trkpt lat="-26.00642896257341" lon="-65.83563398569822">
        <ele>1628.57</ele>
      </trkpt>
      <trkpt lat="-26.006403984501958" lon="-65.83559894934297">
        <ele>1628.1</ele>
      </trkpt>
      <trkpt lat="-26.00640499033034" lon="-65.83559894934297">
        <ele>1627.63</ele>
      </trkpt>
      <trkpt lat="-26.0064519289881" lon="-65.83560297265649">
        <ele>1627.14</ele>
      </trkpt>
      <trkpt lat="-26.0064759850502" lon="-65.83558092825115">
        <ele>1626.59</ele>
      </trkpt>
      <trkpt lat="-26.006485959514976" lon="-65.83555293269455">
        <ele>1626.01</ele>
      </trkpt>
      <trkpt lat="-26.00652191787958" lon="-65.83544991910458">
        <ele>1625.34</ele>
      </trkpt>
      <trkpt lat="-26.006522923707962" lon="-65.83542292937636">
        <ele>1624.67</ele>
      </trkpt>
      <trkpt lat="-26.006527952849865" lon="-65.83539292216301">
        <ele>1623.96</ele>
      </trkpt>
      <trkpt lat="-26.006543962284923" lon="-65.8353619929403">
        <ele>1623.23</ele>
      </trkpt>
      <trkpt lat="-26.006597941741347" lon="-65.83524892106652">
        <ele>1622.43</ele>
      </trkpt>
      <trkpt lat="-26.006634989753366" lon="-65.83514892496169">
        <ele>1621.59</ele>
      </trkpt>
      <trkpt lat="-26.006651921197772" lon="-65.83510592579842">
        <ele>1620.73</ele>
      </trkpt>
      <trkpt lat="-26.00664597004652" lon="-65.83508295938373">
        <ele>1619.81</ele>
      </trkpt>
      <trkpt lat="-26.006617974489927" lon="-65.83493292331696">
        <ele>1618.74</ele>
      </trkpt>
      <trkpt lat="-26.006615962833166" lon="-65.83478992804885">
        <ele>1617.66</ele>
      </trkpt>
      <trkpt lat="-26.00660095922649" lon="-65.83475296385586">
        <ele>1616.6</ele>
      </trkpt>
      <trkpt lat="-26.006586961448193" lon="-65.83471197634935">
        <ele>1615.51</ele>
      </trkpt>
      <trkpt lat="-26.006589978933334" lon="-65.8346629422158">
        <ele>1614.42</ele>
      </trkpt>
      <trkpt lat="-26.00658293813467" lon="-65.834607956931">
        <ele>1613.29</ele>
      </trkpt>
      <trkpt lat="-26.00658494979143" lon="-65.8345849905163">
        <ele>1612.19</ele>
      </trkpt>
      <trkpt lat="-26.006586961448193" lon="-65.83456395193934">
        <ele>1611.08</ele>
      </trkpt>
      <trkpt lat="-26.00658494979143" lon="-65.83455498330295">
        <ele>1609.98</ele>
      </trkpt>
      <trkpt lat="-26.00657698698342" lon="-65.83450494334102">
        <ele>1608.82</ele>
      </trkpt>
      <trkpt lat="-26.00655695423484" lon="-65.834496980533">
        <ele>1607.7</ele>
      </trkpt>
      <trkpt lat="-26.00653499364853" lon="-65.83448893390596">
        <ele>1606.58</ele>
      </trkpt>
      <trkpt lat="-26.006500963121653" lon="-65.83446999080479">
        <ele>1605.47</ele>
      </trkpt>
      <trkpt lat="-26.006461987271905" lon="-65.83444291725755">
        <ele>1604.37</ele>
      </trkpt>
      <trkpt lat="-26.00645595230162" lon="-65.83442095667124">
        <ele>1603.32</ele>
      </trkpt>
      <trkpt lat="-26.006486965343356" lon="-65.83429598249495">
        <ele>1602.22</ele>
      </trkpt>
      <trkpt lat="-26.00649693980813" lon="-65.83420797251165">
        <ele>1601.21</ele>
      </trkpt>
      <trkpt lat="-26.006532981991768" lon="-65.83410395309329">
        <ele>1600.25</ele>
      </trkpt>
      <trkpt lat="-26.00661998614669" lon="-65.8339929766953">
        <ele>1599.46</ele>
      </trkpt>
      <trkpt lat="-26.00662694312632" lon="-65.83395391702652">
        <ele>1598.65</ele>
      </trkpt>
      <trkpt lat="-26.006656950339675" lon="-65.8338769711554">
        <ele>1597.92</ele>
      </trkpt>
      <trkpt lat="-26.006648987531662" lon="-65.83375199697912">
        <ele>1597.15</ele>
      </trkpt>
      <trkpt lat="-26.006638929247856" lon="-65.83353792317212">
        <ele>1596.36</ele>
      </trkpt>
      <trkpt lat="-26.006632978096604" lon="-65.83346298895776">
        <ele>1595.73</ele>
      </trkpt>
      <trkpt lat="-26.006609927862883" lon="-65.8334469795227">
        <ele>1595.21</ele>
      </trkpt>
      <trkpt lat="-26.006595930084586" lon="-65.83343599922955">
        <ele>1594.79</ele>
      </trkpt>
      <trkpt lat="-26.00651496089995" lon="-65.83343398757279">
        <ele>1594.41</ele>
      </trkpt>
      <trkpt lat="-26.00636693648994" lon="-65.8334469795227">
        <ele>1594.18</ele>
      </trkpt>
      <trkpt lat="-26.00625596009195" lon="-65.83349391818047">
        <ele>1594.05</ele>
      </trkpt>
      <trkpt lat="-26.00623592734337" lon="-65.8335109334439">
        <ele>1594.03</ele>
      </trkpt>
      <trkpt lat="-26.006207931786776" lon="-65.83354697562754">
        <ele>1594.12</ele>
      </trkpt>
      <trkpt lat="-26.006199968978763" lon="-65.83356197923422">
        <ele>1594.28</ele>
      </trkpt>
      <trkpt lat="-26.006165938451886" lon="-65.83363397978246">
        <ele>1594.56</ele>
      </trkpt>
      <trkpt lat="-26.006163926795125" lon="-65.83364395424724">
        <ele>1594.89</ele>
      </trkpt>
      <trkpt lat="-26.0061289742589" lon="-65.83376297727227">
        <ele>1595.32</ele>
      </trkpt>
      <trkpt lat="-26.006116988137364" lon="-65.83385693840683">
        <ele>1595.84</ele>
      </trkpt>
      <trkpt lat="-26.006102990359068" lon="-65.8338959980756">
        <ele>1596.4</ele>
      </trkpt>
      <trkpt lat="-26.006029983982444" lon="-65.83408392034471">
        <ele>1597.1</ele>
      </trkpt>
      <trkpt lat="-26.005970975384116" lon="-65.83418198861182">
        <ele>1597.84</ele>
      </trkpt>
      <trkpt lat="-26.005906937643886" lon="-65.83428592421114">
        <ele>1598.66</ele>
      </trkpt>
      <trkpt lat="-26.00589595735073" lon="-65.83430796861649">
        <ele>1599.46</ele>
      </trkpt>
      <trkpt lat="-26.005820939317346" lon="-65.83450796082616">
        <ele>1600.46</ele>
      </trkpt>
      <trkpt lat="-26.005758997052908" lon="-65.83464299328625">
        <ele>1601.38</ele>
      </trkpt>
      <trkpt lat="-26.005736952647567" lon="-65.83476897329092">
        <ele>1602.3</ele>
      </trkpt>
      <trkpt lat="-26.005737958475947" lon="-65.83480794914067">
        <ele>1603.21</ele>
      </trkpt>
      <trkpt lat="-26.005693953484297" lon="-65.83490299992263">
        <ele>1604.18</ele>
      </trkpt>
      <trkpt lat="-26.005609966814518" lon="-65.83496393635869">
        <ele>1605.17</ele>
      </trkpt>
      <trkpt lat="-26.00557392463088" lon="-65.83500894717872">
        <ele>1606.11</ele>
      </trkpt>
      <trkpt lat="-26.005558921024203" lon="-65.83501196466386">
        <ele>1607.01</ele>
      </trkpt>
      <trkpt lat="-26.005467977374792" lon="-65.83503996022046">
        <ele>1607.89</ele>
      </trkpt>
      <trkpt lat="-26.005381979048252" lon="-65.83510098047554">
        <ele>1608.78</ele>
      </trkpt>
      <trkpt lat="-26.005258932709694" lon="-65.835199970752">
        <ele>1609.74</ele>
      </trkpt>
      <trkpt lat="-26.00520797073841" lon="-65.83528596907854">
        <ele>1610.62</ele>
      </trkpt>
      <trkpt lat="-26.00518399849534" lon="-65.83526995964348">
        <ele>1611.41</ele>
      </trkpt>
      <trkpt lat="-26.005158936604857" lon="-65.83525596186519">
        <ele>1612.18</ele>
      </trkpt>
      <trkpt lat="-26.00514594465494" lon="-65.83526099100709">
        <ele>1612.94</ele>
      </trkpt>
      <trkpt lat="-26.00507696159184" lon="-65.83531698212028">
        <ele>1613.73</ele>
      </trkpt>
      <trkpt lat="-26.00507796742022" lon="-65.83532695658505">
        <ele>1614.44</ele>
      </trkpt>
      <trkpt lat="-26.005072938278317" lon="-65.83542192354798">
        <ele>1615.17</ele>
      </trkpt>
      <trkpt lat="-26.005066987127066" lon="-65.83543592132628">
        <ele>1615.84</ele>
      </trkpt>
      <trkpt lat="-26.00503496825695" lon="-65.83547892048955">
        <ele>1616.52</ele>
      </trkpt>
      <trkpt lat="-26.00501594133675" lon="-65.83549593575299">
        <ele>1617.15</ele>
      </trkpt>
      <trkpt lat="-26.005064975470304" lon="-65.83542795851827">
        <ele>1617.68</ele>
      </trkpt>
      <trkpt lat="-26.005073944106698" lon="-65.83541496656835">
        <ele>1618.26</ele>
      </trkpt>
      <trkpt lat="-26.00509498268366" lon="-65.83540893159807">
        <ele>1618.81</ele>
      </trkpt>
      <trkpt lat="-26.00510193966329" lon="-65.83543399348855">
        <ele>1619.37</ele>
      </trkpt>
      <trkpt lat="-26.005129935219884" lon="-65.83547196350992">
        <ele>1619.93</ele>
      </trkpt>
      <trkpt lat="-26.005168994888663" lon="-65.83549392409623">
        <ele>1620.48</ele>
      </trkpt>
      <trkpt lat="-26.005199924111366" lon="-65.8355469815433">
        <ele>1621.04</ele>
      </trkpt>
      <trkpt lat="-26.00518592633307" lon="-65.83563599735498">
        <ele>1621.6</ele>
      </trkpt>
      <trkpt lat="-26.00516597740352" lon="-65.83575895987451">
        <ele>1622.19</ele>
      </trkpt>
      <trkpt lat="-26.00507696159184" lon="-65.83586499094963">
        <ele>1622.74</ele>
      </trkpt>
      <trkpt lat="-26.004994986578822" lon="-65.8359219878912">
        <ele>1623.24</ele>
      </trkpt>
      <trkpt lat="-26.004915945231915" lon="-65.83598996512592">
        <ele>1623.74</ele>
      </trkpt>
      <trkpt lat="-26.00482491776347" lon="-65.83611099980772">
        <ele>1624.25</ele>
      </trkpt>
      <trkpt lat="-26.004812931641936" lon="-65.83611292764544">
        <ele>1624.69</ele>
      </trkpt>
      <trkpt lat="-26.00479993969202" lon="-65.83611594513059">
        <ele>1625.11</ele>
      </trkpt>
      <trkpt lat="-26.00479499436915" lon="-65.83612097427249">
        <ele>1625.52</ele>
      </trkpt>
      <trkpt lat="-26.00477797910571" lon="-65.8361529931426">
        <ele>1625.94</ele>
      </trkpt>
      <trkpt lat="-26.004766998812556" lon="-65.83615995012224">
        <ele>1626.33</ele>
      </trkpt>
      <trkpt lat="-26.004729950800538" lon="-65.83618995733559">
        <ele>1626.73</ele>
      </trkpt>
      <trkpt lat="-26.004719976335764" lon="-65.8361949864775">
        <ele>1627.11</ele>
      </trkpt>
      <trkpt lat="-26.004696926102042" lon="-65.83618693985045">
        <ele>1627.49</ele>
      </trkpt>
      <trkpt lat="-26.004674965515733" lon="-65.83617394790053">
        <ele>1627.86</ele>
      </trkpt>
      <trkpt lat="-26.004613945260644" lon="-65.83620395511389">
        <ele>1628.25</ele>
      </trkpt>
      <trkpt lat="-26.004508920013905" lon="-65.83615592680871">
        <ele>1628.7</ele>
      </trkpt>
      <trkpt lat="-26.00449592806399" lon="-65.83613899536431">
        <ele>1629.1</ele>
      </trkpt>
      <trkpt lat="-26.00449592806399" lon="-65.8361429348588">
        <ele>1629.49</ele>
      </trkpt>
      <trkpt lat="-26.00451596081257" lon="-65.83615198731422">
        <ele>1629.88</ele>
      </trkpt>
      <trkpt lat="-26.00451596081257" lon="-65.83615098148584">
        <ele>1630.29</ele>
      </trkpt>
      <trkpt lat="-26.004469944164157" lon="-65.83610898815095">
        <ele>1630.74</ele>
      </trkpt>
      <trkpt lat="-26.004444966092706" lon="-65.83609398454428">
        <ele>1631.2</ele>
      </trkpt>
      <trkpt lat="-26.00443197414279" lon="-65.83609197288752">
        <ele>1631.64</ele>
      </trkpt>
      <trkpt lat="-26.004399955272675" lon="-65.83608199842274">
        <ele>1632.12</ele>
      </trkpt>
      <trkpt lat="-26.00434496998787" lon="-65.8360649831593">
        <ele>1632.62</ele>
      </trkpt>
      <trkpt lat="-26.004317980259657" lon="-65.83600798621774">
        <ele>1633.1</ele>
      </trkpt>
      <trkpt lat="-26.004313956946135" lon="-65.83600295707583">
        <ele>1633.57</ele>
      </trkpt>
      <trkpt lat="-26.00428093224764" lon="-65.83602298982441">
        <ele>1634.08</ele>
      </trkpt>
      <trkpt lat="-26.004233993589878" lon="-65.83604293875396">
        <ele>1634.6</ele>
      </trkpt>
      <trkpt lat="-26.004189988598228" lon="-65.83608392626047">
        <ele>1635.13</ele>
      </trkpt>
      <trkpt lat="-26.004144977778196" lon="-65.83610898815095">
        <ele>1635.64</ele>
      </trkpt>
      <trkpt lat="-26.004140954464674" lon="-65.83611594513059">
        <ele>1636.1</ele>
      </trkpt>
      <trkpt lat="-26.004137936979532" lon="-65.83613094873726">
        <ele>1636.56</ele>
      </trkpt>
      <trkpt lat="-26.004123939201236" lon="-65.83619297482073">
        <ele>1637.01</ele>
      </trkpt>
      <trkpt lat="-26.004116982221603" lon="-65.8361979201436">
        <ele>1637.44</ele>
      </trkpt>
      <trkpt lat="-26.004064930602908" lon="-65.83623396232724">
        <ele>1637.91</ele>
      </trkpt>
      <trkpt lat="-26.004030983895063" lon="-65.83627796731889">
        <ele>1638.34</ele>
      </trkpt>
      <trkpt lat="-26.00402696058154" lon="-65.83629196509719">
        <ele>1638.71</ele>
      </trkpt>
      <trkpt lat="-26.004010951146483" lon="-65.83631694316864">
        <ele>1639.07</ele>
      </trkpt>
      <trkpt lat="-26.003998965024948" lon="-65.83633194677532">
        <ele>1639.39</ele>
      </trkpt>
      <trkpt lat="-26.003993935883045" lon="-65.83637092262506">
        <ele>1639.68</ele>
      </trkpt>
      <trkpt lat="-26.00398496724665" lon="-65.83640998229384">
        <ele>1639.94</ele>
      </trkpt>
      <trkpt lat="-26.003973986953497" lon="-65.83642398007214">
        <ele>1640.16</ele>
      </trkpt>
      <trkpt lat="-26.00396099500358" lon="-65.83643093705177">
        <ele>1640.33</ele>
      </trkpt>
      <trkpt lat="-26.003931993618608" lon="-65.83643898367882">
        <ele>1640.47</ele>
      </trkpt>
      <trkpt lat="-26.003925958648324" lon="-65.83643294870853">
        <ele>1640.56</ele>
      </trkpt>
      <trkpt lat="-26.00392092950642" lon="-65.83642297424376">
        <ele>1640.61</ele>
      </trkpt>
      <trkpt lat="-26.003910955041647" lon="-65.83639891818166">
        <ele>1640.62</ele>
      </trkpt>
      <trkpt lat="-26.003905925899744" lon="-65.83635298535228">
        <ele>1640.58</ele>
      </trkpt>
      <trkpt lat="-26.003911960870028" lon="-65.83627997897565">
        <ele>1640.47</ele>
      </trkpt>
      <trkpt lat="-26.00391598418355" lon="-65.83626698702574">
        <ele>1640.34</ele>
      </trkpt>
      <trkpt lat="-26.003935933113098" lon="-65.83620395511389">
        <ele>1640.15</ele>
      </trkpt>
      <trkpt lat="-26.00396392866969" lon="-65.83615098148584">
        <ele>1639.96</ele>
      </trkpt>
      <trkpt lat="-26.00398496724665" lon="-65.83613296039402">
        <ele>1639.7</ele>
      </trkpt>
      <trkpt lat="-26.003992930054665" lon="-65.83611896261573">
        <ele>1639.4</ele>
      </trkpt>
      <trkpt lat="-26.003993935883045" lon="-65.83606791682541">
        <ele>1639.06</ele>
      </trkpt>
      <trkpt lat="-26.00400793366134" lon="-65.83604193292558">
        <ele>1638.68</ele>
      </trkpt>
      <trkpt lat="-26.004071971401572" lon="-65.83597999066114">
        <ele>1638.2</ele>
      </trkpt>
      <trkpt lat="-26.00406694225967" lon="-65.83594093099236">
        <ele>1637.76</ele>
      </trkpt>
      <trkpt lat="-26.004060991108418" lon="-65.83591595292091">
        <ele>1637.29</ele>
      </trkpt>
      <trkpt lat="-26.004054956138134" lon="-65.83591897040606">
        <ele>1636.79</ele>
      </trkpt>
      <trkpt lat="-26.00406593643129" lon="-65.83591796457767">
        <ele>1636.24</ele>
      </trkpt>
      <trkpt lat="-26.00411396473646" lon="-65.8358889631927">
        <ele>1635.62</ele>
      </trkpt>
      <trkpt lat="-26.004149923101068" lon="-65.83588996902108">
        <ele>1634.99</ele>
      </trkpt>
      <trkpt lat="-26.00417993031442" lon="-65.8358939923346">
        <ele>1634.34</ele>
      </trkpt>
      <trkpt lat="-26.004187976941466" lon="-65.83586599677801">
        <ele>1633.7</ele>
      </trkpt>
      <trkpt lat="-26.004246985539794" lon="-65.83582995459437">
        <ele>1632.98</ele>
      </trkpt>
      <trkpt lat="-26.004251930862665" lon="-65.83580698817968">
        <ele>1632.3</ele>
      </trkpt>
      <trkpt lat="-26.004279926419258" lon="-65.83575594238937">
        <ele>1631.57</ele>
      </trkpt>
      <trkpt lat="-26.004279926419258" lon="-65.83573792129755">
        <ele>1630.88</ele>
      </trkpt>
      <trkpt lat="-26.004272969439626" lon="-65.83568092435598">
        <ele>1630.19</ele>
      </trkpt>
      <trkpt lat="-26.00427799858153" lon="-65.83564094267786">
        <ele>1629.48</ele>
      </trkpt>
      <trkpt lat="-26.004290990531445" lon="-65.83556793630123">
        <ele>1628.74</ele>
      </trkpt>
      <trkpt lat="-26.004295935854316" lon="-65.8354919962585">
        <ele>1628.01</ele>
      </trkpt>
      <trkpt lat="-26.004294930025935" lon="-65.83546693436801">
        <ele>1627.33</ele>
      </trkpt>
      <trkpt lat="-26.004298953339458" lon="-65.83541898988187">
        <ele>1626.65</ele>
      </trkpt>
      <trkpt lat="-26.004319991916418" lon="-65.83537791855633">
        <ele>1625.97</ele>
      </trkpt>
      <trkpt lat="-26.004356956109405" lon="-65.83533097989857">
        <ele>1625.3</ele>
      </trkpt>
      <trkpt lat="-26.0043519269675" lon="-65.8352779224515">
        <ele>1624.69</ele>
      </trkpt>
      <trkpt lat="-26.004358967766166" lon="-65.83521991968155">
        <ele>1624.09</ele>
      </trkpt>
      <trkpt lat="-26.0043519269675" lon="-65.83520592190325">
        <ele>1623.55</ele>
      </trkpt>
      <trkpt lat="-26.004336923360825" lon="-65.83518295548856">
        <ele>1623.04</ele>
      </trkpt>
      <trkpt lat="-26.004331978037953" lon="-65.83516493439674">
        <ele>1622.55</ele>
      </trkpt>
      <trkpt lat="-26.004353938624263" lon="-65.83513895049691">
        <ele>1622.05</ele>
      </trkpt>
      <trkpt lat="-26.004365924745798" lon="-65.83507399074733">
        <ele>1621.59</ele>
      </trkpt>
      <trkpt lat="-26.004378916695714" lon="-65.8350099530071">
        <ele>1621.13</ele>
      </trkpt>
      <trkpt lat="-26.00438796915114" lon="-65.83496393635869">
        <ele>1620.72</ele>
      </trkpt>
      <trkpt lat="-26.004375983029604" lon="-65.83493694663048">
        <ele>1620.36</ele>
      </trkpt>
      <trkpt lat="-26.004359973594546" lon="-65.83491699770093">
        <ele>1620.02</ele>
      </trkpt>
      <trkpt lat="-26.004357961937785" lon="-65.83490895107388">
        <ele>1619.7</ele>
      </trkpt>
      <trkpt lat="-26.004312951117754" lon="-65.83485497161746">
        <ele>1619.42</ele>
      </trkpt>
      <trkpt lat="-26.004312951117754" lon="-65.8348529599607">
        <ele>1619.13</ele>
      </trkpt>
      <trkpt lat="-26.004297947511077" lon="-65.83480199798942">
        <ele>1618.85</ele>
      </trkpt>
      <trkpt lat="-26.004272969439626" lon="-65.83471197634935">
        <ele>1618.6</ele>
      </trkpt>
      <trkpt lat="-26.004276992753148" lon="-65.83469999022782">
        <ele>1618.33</ele>
      </trkpt>
      <trkpt lat="-26.004272969439626" lon="-65.8346869982779">
        <ele>1618.07</ele>
      </trkpt>
      <trkpt lat="-26.004269951954484" lon="-65.83467794582248">
        <ele>1617.82</ele>
      </trkpt>
      <trkpt lat="-26.004266934469342" lon="-65.8346269838512">
        <ele>1617.54</ele>
      </trkpt>
      <trkpt lat="-26.0042639169842" lon="-65.83455892279744">
        <ele>1617.26</ele>
      </trkpt>
      <trkpt lat="-26.00425897166133" lon="-65.83448197692633">
        <ele>1616.96</ele>
      </trkpt>
      <trkpt lat="-26.00426198914647" lon="-65.83444392308593">
        <ele>1616.65</ele>
      </trkpt>
      <trkpt lat="-26.004268946126103" lon="-65.83442891947925">
        <ele>1616.34</ele>
      </trkpt>
      <trkpt lat="-26.004306999966502" lon="-65.8343759458512">
        <ele>1615.93</ele>
      </trkpt>
      <trkpt lat="-26.004313956946135" lon="-65.83434493280947">
        <ele>1615.59</ele>
      </trkpt>
      <trkpt lat="-26.004312951117754" lon="-65.83433697000146">
        <ele>1615.25</ele>
      </trkpt>
      <trkpt lat="-26.004310939460993" lon="-65.8343299292028">
        <ele>1614.9</ele>
      </trkpt>
      <trkpt lat="-26.004331978037953" lon="-65.83424493670464">
        <ele>1614.47</ele>
      </trkpt>
      <trkpt lat="-26.004342958331108" lon="-65.83423596806824">
        <ele>1614.07</ele>
      </trkpt>
      <trkpt lat="-26.004358967766166" lon="-65.83420495502651">
        <ele>1613.65</ele>
      </trkpt>
      <trkpt lat="-26.004362991079688" lon="-65.83418592810631">
        <ele>1613.22</ele>
      </trkpt>
      <trkpt lat="-26.00436399690807" lon="-65.8341449405998">
        <ele>1612.76</ele>
      </trkpt>
      <trkpt lat="-26.004349999129772" lon="-65.83412993699312">
        <ele>1612.32</ele>
      </trkpt>
      <trkpt lat="-26.004364918917418" lon="-65.83406497724354">
        <ele>1611.8</ele>
      </trkpt>
      <trkpt lat="-26.0043709538877" lon="-65.83401694893837">
        <ele>1611.28</ele>
      </trkpt>
      <trkpt lat="-26.004372965544462" lon="-65.83397193811834">
        <ele>1610.74</ele>
      </trkpt>
      <trkpt lat="-26.0043709538877" lon="-65.83394796587527">
        <ele>1610.18</ele>
      </trkpt>
      <trkpt lat="-26.004378916695714" lon="-65.83391091786325">
        <ele>1609.57</ele>
      </trkpt>
      <trkpt lat="-26.004392998293042" lon="-65.83386397920549">
        <ele>1608.93</ele>
      </trkpt>
      <trkpt lat="-26.00445795804262" lon="-65.83374193869531">
        <ele>1608.29</ele>
      </trkpt>
      <trkpt lat="-26.004484947770834" lon="-65.83372693508863">
        <ele>1607.67</ele>
      </trkpt>
      <trkpt lat="-26.00451897829771" lon="-65.83370396867394">
        <ele>1607.04</ele>
      </trkpt>
      <trkpt lat="-26.004530964419246" lon="-65.83367697894573">
        <ele>1606.36</ele>
      </trkpt>
      <trkpt lat="-26.004548985511065" lon="-65.83364294841886">
        <ele>1605.67</ele>
      </trkpt>
      <trkpt lat="-26.004549991339445" lon="-65.83353599533439">
        <ele>1604.99</ele>
      </trkpt>
      <trkpt lat="-26.00452392362058" lon="-65.83347992040217">
        <ele>1604.25</ele>
      </trkpt>
      <trkpt lat="-26.004487965255976" lon="-65.83342392928898">
        <ele>1603.48</ele>
      </trkpt>
      <trkpt lat="-26.004446977749467" lon="-65.8333729673177">
        <ele>1602.64</ele>
      </trkpt>
      <trkpt lat="-26.004385957494378" lon="-65.83322091959417">
        <ele>1601.7</ele>
      </trkpt>
      <trkpt lat="-26.004329966381192" lon="-65.83311991766095">
        <ele>1600.8</ele>
      </trkpt>
      <trkpt lat="-26.004224941134453" lon="-65.83307499065995">
        <ele>1599.87</ele>
      </trkpt>
      <trkpt lat="-26.004064930602908" lon="-65.83297792822123">
        <ele>1598.85</ele>
      </trkpt>
      <trkpt lat="-26.003995947539806" lon="-65.8329049218446">
        <ele>1598.0</ele>
      </trkpt>
      <trkpt lat="-26.00396493449807" lon="-65.83287298679352">
        <ele>1597.22</ele>
      </trkpt>
      <trkpt lat="-26.003891928121448" lon="-65.8328549657017">
        <ele>1596.43</ele>
      </trkpt>
      <trkpt lat="-26.003879941999912" lon="-65.83286192268133">
        <ele>1595.71</ele>
      </trkpt>
      <trkpt lat="-26.003843983635306" lon="-65.83290198817849">
        <ele>1595.0</ele>
      </trkpt>
      <trkpt lat="-26.003823950886726" lon="-65.83294792100787">
        <ele>1594.32</ele>
      </trkpt>
      <trkpt lat="-26.003799978643656" lon="-65.83296895958483">
        <ele>1593.68</ele>
      </trkpt>
      <trkpt lat="-26.003753961995244" lon="-65.83296694792807">
        <ele>1593.03</ele>
      </trkpt>
      <trkpt lat="-26.003734935075045" lon="-65.83295496180654">
        <ele>1592.4</ele>
      </trkpt>
      <trkpt lat="-26.00370693951845" lon="-65.8329519443214">
        <ele>1591.78</ele>
      </trkpt>
      <trkpt lat="-26.00368397310376" lon="-65.83296594209969">
        <ele>1591.18</ele>
      </trkpt>
      <trkpt lat="-26.00365991704166" lon="-65.83298295736313">
        <ele>1590.59</ele>
      </trkpt>
      <trkpt lat="-26.00366092287004" lon="-65.83299393765628">
        <ele>1589.99</ele>
      </trkpt>
      <trkpt lat="-26.003647930920124" lon="-65.8329979609698">
        <ele>1589.4</ele>
      </trkpt>
      <trkpt lat="-26.003628987818956" lon="-65.83298798650503">
        <ele>1588.78</ele>
      </trkpt>
      <trkpt lat="-26.003586994484067" lon="-65.83297499455512">
        <ele>1588.15</ele>
      </trkpt>
      <trkpt lat="-26.00353494286537" lon="-65.83296594209969">
        <ele>1587.52</ele>
      </trkpt>
      <trkpt lat="-26.003414997830987" lon="-65.83301598206162">
        <ele>1586.86</ele>
      </trkpt>
      <trkpt lat="-26.00329295732081" lon="-65.83304699510336">
        <ele>1586.17</ele>
      </trkpt>
      <trkpt lat="-26.003173934295774" lon="-65.8330399543047">
        <ele>1585.42</ele>
      </trkpt>
      <trkpt lat="-26.003137975931168" lon="-65.83304297178984">
        <ele>1584.69</ele>
      </trkpt>
      <trkpt lat="-26.00312791764736" lon="-65.8330399543047">
        <ele>1583.95</ele>
      </trkpt>
      <trkpt lat="-26.003117943182588" lon="-65.83303199149668">
        <ele>1583.2</ele>
      </trkpt>
      <trkpt lat="-26.00310394540429" lon="-65.83303492516279">
        <ele>1582.45</ele>
      </trkpt>
      <trkpt lat="-26.003024987876415" lon="-65.83306996151805">
        <ele>1581.6</ele>
      </trkpt>
      <trkpt lat="-26.0029099881649" lon="-65.83311094902456">
        <ele>1580.71</ele>
      </trkpt>
      <trkpt lat="-26.0028859321028" lon="-65.83310399204493">
        <ele>1579.89</ele>
      </trkpt>
      <trkpt lat="-26.002832958474755" lon="-65.83308999426663">
        <ele>1579.02</ele>
      </trkpt>
      <trkpt lat="-26.002826923504472" lon="-65.83310298621655">
        <ele>1578.22</ele>
      </trkpt>
      <trkpt lat="-26.002770932391286" lon="-65.83316199481487">
        <ele>1577.43</ele>
      </trkpt>
      <trkpt lat="-26.00267093628645" lon="-65.83311798982322">
        <ele>1576.45</ele>
      </trkpt>
      <trkpt lat="-26.002655932679772" lon="-65.83309192210436">
        <ele>1575.63</ele>
      </trkpt>
      <trkpt lat="-26.002577980980277" lon="-65.83301095291972">
        <ele>1574.74</ele>
      </trkpt>
      <trkpt lat="-26.00243096239865" lon="-65.83289595320821">
        <ele>1573.84</ele>
      </trkpt>
      <trkpt lat="-26.002366924658418" lon="-65.83285898901522">
        <ele>1573.05</ele>
      </trkpt>
      <trkpt lat="-26.00234898738563" lon="-65.83285295404494">
        <ele>1572.33</ele>
      </trkpt>
      <trkpt lat="-26.00232493132353" lon="-65.83283199928701">
        <ele>1571.62</ele>
      </trkpt>
      <trkpt lat="-26.002330966293812" lon="-65.83279897458851">
        <ele>1570.96</ele>
      </trkpt>
      <trkpt lat="-26.002362985163927" lon="-65.83273099735379">
        <ele>1570.32</ele>
      </trkpt>
      <trkpt lat="-26.00237094797194" lon="-65.83266193047166">
        <ele>1569.7</ele>
      </trkpt>
      <trkpt lat="-26.002403972670436" lon="-65.8324889279902">
        <ele>1569.09</ele>
      </trkpt>
      <trkpt lat="-26.002405984327197" lon="-65.83244693465531">
        <ele>1568.51</ele>
      </trkpt>
      <trkpt lat="-26.002423921599984" lon="-65.83238298073411">
        <ele>1567.96</ele>
      </trkpt>
      <trkpt lat="-26.00245895795524" lon="-65.83226395770907">
        <ele>1567.43</ele>
      </trkpt>
      <trkpt lat="-26.00247597321868" lon="-65.83222799934447">
        <ele>1566.93</ele>
      </trkpt>
      <trkpt lat="-26.002487959340215" lon="-65.83218994550407">
        <ele>1566.44</ele>
      </trkpt>
      <trkpt lat="-26.002529952675104" lon="-65.83207896910608">
        <ele>1565.97</ele>
      </trkpt>
      <trkpt lat="-26.002545962110162" lon="-65.83203697577119">
        <ele>1565.5</ele>
      </trkpt>
      <trkpt lat="-26.002597929909825" lon="-65.83186497911811">
        <ele>1565.02</ele>
      </trkpt>
      <trkpt lat="-26.002636989578605" lon="-65.8317029569298">
        <ele>1564.54</ele>
      </trkpt>
      <trkpt lat="-26.00270999595523" lon="-65.83155593834817">
        <ele>1564.04</ele>
      </trkpt>
      <trkpt lat="-26.002745954319835" lon="-65.83145493641496">
        <ele>1563.55</ele>
      </trkpt>
      <trkpt lat="-26.002748971804976" lon="-65.8314489852637">
        <ele>1563.1</ele>
      </trkpt>
      <trkpt lat="-26.00276095792651" lon="-65.83137899637222">
        <ele>1562.64</ele>
      </trkpt>
      <trkpt lat="-26.002764981240034" lon="-65.83135292865336">
        <ele>1562.19</ele>
      </trkpt>
      <trkpt lat="-26.002784930169582" lon="-65.83119794726372">
        <ele>1561.69</ele>
      </trkpt>
      <trkpt lat="-26.002794988453388" lon="-65.83116299472749">
        <ele>1561.24</ele>
      </trkpt>
      <trkpt lat="-26.00279993377626" lon="-65.83115494810045">
        <ele>1560.81</ele>
      </trkpt>
      <trkpt lat="-26.00280093960464" lon="-65.83115595392883">
        <ele>1560.39</ele>
      </trkpt>
      <trkpt lat="-26.00280395708978" lon="-65.83115092478693">
        <ele>1559.97</ele>
      </trkpt>
      <trkpt lat="-26.002833964303136" lon="-65.83110792562366">
        <ele>1559.55</ele>
      </trkpt>
      <trkpt lat="-26.00292599759996" lon="-65.83090198226273">
        <ele>1559.09</ele>
      </trkpt>
      <trkpt lat="-26.00293194875121" lon="-65.83087398670614">
        <ele>1558.67</ele>
      </trkpt>
      <trkpt lat="-26.002939995378256" lon="-65.83081799559295">
        <ele>1558.26</ele>
      </trkpt>
      <trkpt lat="-26.002944940701127" lon="-65.83059897646308">
        <ele>1557.77</ele>
      </trkpt>
      <trkpt lat="-26.002961955964565" lon="-65.83053896203637">
        <ele>1557.43</ele>
      </trkpt>
      <trkpt lat="-26.002978971228004" lon="-65.83045992068946">
        <ele>1557.1</ele>
      </trkpt>
      <trkpt lat="-26.00299892015755" lon="-65.83037291653454">
        <ele>1556.78</ele>
      </trkpt>
      <trkpt lat="-26.003029933199286" lon="-65.83023897372186">
        <ele>1556.48</ele>
      </trkpt>
      <trkpt lat="-26.00303797982633" lon="-65.83021491765976">
        <ele>1556.23</ele>
      </trkpt>
      <trkpt lat="-26.003046948462725" lon="-65.83019295707345">
        <ele>1556.01</ele>
      </trkpt>
      <trkpt lat="-26.003072932362556" lon="-65.83008298650384">
        <ele>1555.81</ele>
      </trkpt>
      <trkpt lat="-26.003131940960884" lon="-65.82992398180068">
        <ele>1555.64</ele>
      </trkpt>
      <trkpt lat="-26.00313998758793" lon="-65.82990093156695">
        <ele>1555.51</ele>
      </trkpt>
      <trkpt lat="-26.003180975094438" lon="-65.82971795462072">
        <ele>1555.4</ele>
      </trkpt>
      <trkpt lat="-26.00318399257958" lon="-65.8296999335289">
        <ele>1555.34</ele>
      </trkpt>
      <trkpt lat="-26.003192961215973" lon="-65.82960697822273">
        <ele>1555.31</ele>
      </trkpt>
      <trkpt lat="-26.00316597148776" lon="-65.82952198572457">
        <ele>1555.3</ele>
      </trkpt>
      <trkpt lat="-26.003152979537845" lon="-65.82947093993425">
        <ele>1555.35</ele>
      </trkpt>
      <trkpt lat="-26.003163959831" lon="-65.82942794077098">
        <ele>1555.45</ele>
      </trkpt>
      <trkpt lat="-26.00320595316589" lon="-65.82936893217266">
        <ele>1555.6</ele>
      </trkpt>
      <trkpt lat="-26.00329698063433" lon="-65.82920397631824">
        <ele>1555.77</ele>
      </trkpt>
      <trkpt lat="-26.00331399589777" lon="-65.82916298881173">
        <ele>1555.97</ele>
      </trkpt>
      <trkpt lat="-26.003333944827318" lon="-65.82912895828485">
        <ele>1556.2</ele>
      </trkpt>
      <trkpt lat="-26.00335699506104" lon="-65.82909492775798">
        <ele>1556.48</ele>
      </trkpt>
      <trkpt lat="-26.00337996147573" lon="-65.82905896939337">
        <ele>1556.79</ele>
      </trkpt>
      <trkpt lat="-26.003396976739168" lon="-65.82901697605848">
        <ele>1557.13</ele>
      </trkpt>
      <trkpt lat="-26.003419943153858" lon="-65.82897892221808">
        <ele>1557.51</ele>
      </trkpt>
      <trkpt lat="-26.003457996994257" lon="-65.82888596691191">
        <ele>1557.9</ele>
      </trkpt>
      <trkpt lat="-26.003501918166876" lon="-65.82884397357702">
        <ele>1558.31</ele>
      </trkpt>
      <trkpt lat="-26.003516921773553" lon="-65.82884196192026">
        <ele>1558.73</ele>
      </trkpt>
      <trkpt lat="-26.003535948693752" lon="-65.82884196192026">
        <ele>1559.17</ele>
      </trkpt>
      <trkpt lat="-26.003642985597253" lon="-65.82883592694998">
        <ele>1559.66</ele>
      </trkpt>
      <trkpt lat="-26.00369897671044" lon="-65.8288309816271">
        <ele>1560.13</ele>
      </trkpt>
      <trkpt lat="-26.003805929794908" lon="-65.82879996858537">
        <ele>1560.62</ele>
      </trkpt>
      <trkpt lat="-26.003864938393235" lon="-65.82879393361509">
        <ele>1561.08</ele>
      </trkpt>
      <trkpt lat="-26.00391699001193" lon="-65.82879996858537">
        <ele>1561.54</ele>
      </trkpt>
      <trkpt lat="-26.004031989723444" lon="-65.82880198024213">
        <ele>1562.01</ele>
      </trkpt>
      <trkpt lat="-26.004180936142802" lon="-65.82874892279506">
        <ele>1562.42</ele>
      </trkpt>
      <trkpt lat="-26.00430398248136" lon="-65.82867097109556">
        <ele>1562.81</ele>
      </trkpt>
      <trkpt lat="-26.004420993849635" lon="-65.82858497276902">
        <ele>1563.24</ele>
      </trkpt>
      <trkpt lat="-26.00453599356115" lon="-65.82852797582746">
        <ele>1563.6</ele>
      </trkpt>
      <trkpt lat="-26.00465292111039" lon="-65.82847592420876">
        <ele>1563.94</ele>
      </trkpt>
      <trkpt lat="-26.004716958850622" lon="-65.82845999859273">
        <ele>1564.22</ele>
      </trkpt>
      <trkpt lat="-26.004702961072326" lon="-65.8284379541874">
        <ele>1564.47</ele>
      </trkpt>
      <trkpt lat="-26.00469097495079" lon="-65.82832295447588">
        <ele>1564.72</ele>
      </trkpt>
      <trkpt lat="-26.00466893054545" lon="-65.82815397530794">
        <ele>1564.94</ele>
      </trkpt>
      <trkpt lat="-26.004684939980507" lon="-65.82802497781813">
        <ele>1565.04</ele>
      </trkpt>
      <trkpt lat="-26.004636995494366" lon="-65.82788399420679">
        <ele>1565.11</ele>
      </trkpt>
      <trkpt lat="-26.004553930833936" lon="-65.82776497118175">
        <ele>1565.1</ele>
      </trkpt>
      <trkpt lat="-26.00450095720589" lon="-65.82767394371331">
        <ele>1565.03</ele>
      </trkpt>
      <trkpt lat="-26.004469944164157" lon="-65.82759699784219">
        <ele>1564.92</ele>
      </trkpt>
      <trkpt lat="-26.004420993849635" lon="-65.82748292014003">
        <ele>1564.69</ele>
      </trkpt>
      <trkpt lat="-26.004415964707732" lon="-65.82746892236173">
        <ele>1564.49</ele>
      </trkpt>
      <trkpt lat="-26.004405990242958" lon="-65.82745593041182">
        <ele>1564.24</ele>
      </trkpt>
      <trkpt lat="-26.00432795472443" lon="-65.82741896621883">
        <ele>1563.94</ele>
      </trkpt>
      <trkpt lat="-26.00424296222627" lon="-65.82738594152033">
        <ele>1563.59</ele>
      </trkpt>
      <trkpt lat="-26.00417196750641" lon="-65.82732492126524">
        <ele>1563.18</ele>
      </trkpt>
      <trkpt lat="-26.004102984443307" lon="-65.82722894847393">
        <ele>1562.74</ele>
      </trkpt>
      <trkpt lat="-26.00404598750174" lon="-65.82713196985424">
        <ele>1562.27</ele>
      </trkpt>
      <trkpt lat="-26.004021931439638" lon="-65.82711897790432">
        <ele>1561.83</ele>
      </trkpt>
      <trkpt lat="-26.00391891784966" lon="-65.8271289523691">
        <ele>1561.37</ele>
      </trkpt>
      <trkpt lat="-26.003907937556505" lon="-65.82712593488395">
        <ele>1560.9</ele>
      </trkpt>
      <trkpt lat="-26.00389695726335" lon="-65.82713297568262">
        <ele>1560.43</ele>
      </trkpt>
      <trkpt lat="-26.003862926736474" lon="-65.82714295014739">
        <ele>1559.94</ele>
      </trkpt>
      <trkpt lat="-26.00379092618823" lon="-65.82713196985424">
        <ele>1559.43</ele>
      </trkpt>
      <trkpt lat="-26.003752956166863" lon="-65.82709198817611">
        <ele>1558.91</ele>
      </trkpt>
      <trkpt lat="-26.003648936748505" lon="-65.8269629906863">
        <ele>1558.33</ele>
      </trkpt>
      <trkpt lat="-26.00363795645535" lon="-65.8269579615444">
        <ele>1557.83</ele>
      </trkpt>
      <trkpt lat="-26.00361599586904" lon="-65.82695594988763">
        <ele>1557.33</ele>
      </trkpt>
      <trkpt lat="-26.003588922321796" lon="-65.82697296515107">
        <ele>1556.84</ele>
      </trkpt>
      <trkpt lat="-26.003562938421965" lon="-65.82698092795908">
        <ele>1556.35</ele>
      </trkpt>
      <trkpt lat="-26.003504935652018" lon="-65.82697497680783">
        <ele>1555.86</ele>
      </trkpt>
      <trkpt lat="-26.003497978672385" lon="-65.82694999873638">
        <ele>1555.38</ele>
      </trkpt>
      <trkpt lat="-26.003454979509115" lon="-65.82689794711769">
        <ele>1554.89</ele>
      </trkpt>
      <trkpt lat="-26.003449950367212" lon="-65.82686592824757">
        <ele>1554.43</ele>
      </trkpt>
      <trkpt lat="-26.003458919003606" lon="-65.82682896405458">
        <ele>1553.98</ele>
      </trkpt>
      <trkpt lat="-26.003479957580566" lon="-65.82679099403322">
        <ele>1553.56</ele>
      </trkpt>
      <trkpt lat="-26.003475934267044" lon="-65.82678294740617">
        <ele>1553.15</ele>
      </trkpt>
      <trkpt lat="-26.003459924831986" lon="-65.82676199264824">
        <ele>1552.74</ele>
      </trkpt>
      <trkpt lat="-26.00344098173082" lon="-65.82674296572804">
        <ele>1552.35</ele>
      </trkpt>
      <trkpt lat="-26.00342094898224" lon="-65.82672695629299">
        <ele>1551.97</ele>
      </trkpt>
      <trkpt lat="-26.00335791707039" lon="-65.8266569674015">
        <ele>1551.56</ele>
      </trkpt>
      <trkpt lat="-26.00331894122064" lon="-65.82660793326795">
        <ele>1551.19</ele>
      </trkpt>
      <trkpt lat="-26.003282982856035" lon="-65.8264669496566">
        <ele>1550.8</ele>
      </trkpt>
      <trkpt lat="-26.003290945664048" lon="-65.82644297741354">
        <ele>1550.51</ele>
      </trkpt>
      <trkpt lat="-26.00329698063433" lon="-65.82631791941822">
        <ele>1550.23</ele>
      </trkpt>
      <trkpt lat="-26.003280971199274" lon="-65.82629394717515">
        <ele>1549.98</ele>
      </trkpt>
      <trkpt lat="-26.003235960379243" lon="-65.82611893303692">
        <ele>1549.71</ele>
      </trkpt>
      <trkpt lat="-26.003286922350526" lon="-65.82604793831706">
        <ele>1549.53</ele>
      </trkpt>
      <trkpt lat="-26.003302931785583" lon="-65.82602396607399">
        <ele>1549.35</ele>
      </trkpt>
      <trkpt lat="-26.0033159237355" lon="-65.8260009996593">
        <ele>1549.18</ele>
      </trkpt>
      <trkpt lat="-26.003394965082407" lon="-65.82587895914912">
        <ele>1549.02</ele>
      </trkpt>
      <trkpt lat="-26.00346595980227" lon="-65.8257779572159">
        <ele>1548.87</ele>
      </trkpt>
      <trkpt lat="-26.003539972007275" lon="-65.82567896693945">
        <ele>1548.72</ele>
      </trkpt>
      <trkpt lat="-26.00361499004066" lon="-65.82559196278453">
        <ele>1548.58</ele>
      </trkpt>
      <trkpt lat="-26.003751950338483" lon="-65.82549892365932">
        <ele>1548.42</ele>
      </trkpt>
      <trkpt lat="-26.003772988915443" lon="-65.82548392005265">
        <ele>1548.26</ele>
      </trkpt>
      <trkpt lat="-26.00387399084866" lon="-65.82538794726133">
        <ele>1548.07</ele>
      </trkpt>
      <trkpt lat="-26.003955965861678" lon="-65.82530798390508">
        <ele>1547.89</ele>
      </trkpt>
      <trkpt lat="-26.004059985280037" lon="-65.82514294423163">
        <ele>1547.71</ele>
      </trkpt>
      <trkpt lat="-26.004161993041635" lon="-65.82496097311378">
        <ele>1547.5</ele>
      </trkpt>
      <trkpt lat="-26.004182947799563" lon="-65.82490297034383">
        <ele>1547.29</ele>
      </trkpt>
      <trkpt lat="-26.004193928092718" lon="-65.82487497478724">
        <ele>1547.06</ele>
      </trkpt>
      <trkpt lat="-26.004207925871015" lon="-65.82467498257756">
        <ele>1546.8</ele>
      </trkpt>
      <trkpt lat="-26.004166938364506" lon="-65.82445998676121">
        <ele>1546.53</ele>
      </trkpt>
      <trkpt lat="-26.004095943644643" lon="-65.82428899593651">
        <ele>1546.24</ele>
      </trkpt>
      <trkpt lat="-26.00400198251009" lon="-65.82414298318326">
        <ele>1545.93</ele>
      </trkpt>
      <trkpt lat="-26.003891928121448" lon="-65.82397199235857">
        <ele>1545.58</ele>
      </trkpt>
      <trkpt lat="-26.003846917301416" lon="-65.82377593964338">
        <ele>1545.15</ele>
      </trkpt>
      <trkpt lat="-26.003838954493403" lon="-65.82374593243003">
        <ele>1544.73</ele>
      </trkpt>
      <trkpt lat="-26.003771983087063" lon="-65.82354795187712">
        <ele>1544.17</ele>
      </trkpt>
      <trkpt lat="-26.003762930631638" lon="-65.82351995632052">
        <ele>1543.66</ele>
      </trkpt>
      <trkpt lat="-26.003709957003593" lon="-65.8233119174838">
        <ele>1543.03</ele>
      </trkpt>
      <trkpt lat="-26.003691935911775" lon="-65.823256932199">
        <ele>1542.46</ele>
      </trkpt>
      <trkpt lat="-26.003643991425633" lon="-65.82303296774626">
        <ele>1541.82</ele>
      </trkpt>
      <trkpt lat="-26.003587916493416" lon="-65.82282593473792">
        <ele>1541.18</ele>
      </trkpt>
      <trkpt lat="-26.003582971170545" lon="-65.82279592752457">
        <ele>1540.58</ele>
      </trkpt>
      <trkpt lat="-26.003542989492416" lon="-65.82258495502174">
        <ele>1539.94</ele>
      </trkpt>
      <trkpt lat="-26.003535948693752" lon="-65.82252192310989">
        <ele>1539.32</ele>
      </trkpt>
      <trkpt lat="-26.003518933430314" lon="-65.82232193090022">
        <ele>1538.66</ele>
      </trkpt>
      <trkpt lat="-26.003513988107443" lon="-65.82228295505047">
        <ele>1538.01</ele>
      </trkpt>
      <trkpt lat="-26.003517927601933" lon="-65.82209293730557">
        <ele>1537.33</ele>
      </trkpt>
      <trkpt lat="-26.003449950367212" lon="-65.82189596258104">
        <ele>1536.61</ele>
      </trkpt>
      <trkpt lat="-26.00344793871045" lon="-65.82186595536768">
        <ele>1535.94</ele>
      </trkpt>
      <trkpt lat="-26.00346897728741" lon="-65.82178297452629">
        <ele>1535.27</ele>
      </trkpt>
      <trkpt lat="-26.003514993935823" lon="-65.8215869218111">
        <ele>1534.59</ele>
      </trkpt>
      <trkpt lat="-26.003512982279062" lon="-65.82150192931294">
        <ele>1533.91</ele>
      </trkpt>
      <trkpt lat="-26.00348993204534" lon="-65.82142096012831">
        <ele>1533.22</ele>
      </trkpt>
      <trkpt lat="-26.003395970910788" lon="-65.82129891961813">
        <ele>1532.52</ele>
      </trkpt>
      <trkpt lat="-26.003300920128822" lon="-65.8212449401617">
        <ele>1531.82</ele>
      </trkpt>
      <trkpt lat="-26.003282982856035" lon="-65.8211989235133">
        <ele>1531.16</ele>
      </trkpt>
      <trkpt lat="-26.00324995815754" lon="-65.82107093185186">
        <ele>1530.53</ele>
      </trkpt>
      <trkpt lat="-26.003243923187256" lon="-65.82095098681748">
        <ele>1529.91</ele>
      </trkpt>
      <trkpt lat="-26.00327594205737" lon="-65.82079499959946">
        <ele>1529.26</ele>
      </trkpt>
      <trkpt lat="-26.003373926505446" lon="-65.82061797380447">
        <ele>1528.58</ele>
      </trkpt>
      <trkpt lat="-26.00339999422431" lon="-65.8205749746412">
        <ele>1527.96</ele>
      </trkpt>
      <trkpt lat="-26.003475934267044" lon="-65.82039099186659">
        <ele>1527.28</ele>
      </trkpt>
      <trkpt lat="-26.003482975065708" lon="-65.82036199048162">
        <ele>1526.7</ele>
      </trkpt>
      <trkpt lat="-26.003475934267044" lon="-65.82017892971635">
        <ele>1526.07</ele>
      </trkpt>
      <trkpt lat="-26.003470988944173" lon="-65.82014791667461">
        <ele>1525.54</ele>
      </trkpt>
      <trkpt lat="-26.00344693288207" lon="-65.82003392279148">
        <ele>1525.01</ele>
      </trkpt>
      <trkpt lat="-26.003436958417296" lon="-65.81995295360684">
        <ele>1524.53</ele>
      </trkpt>
      <trkpt lat="-26.00348498672247" lon="-65.81986393779516">
        <ele>1524.07</ele>
      </trkpt>
      <trkpt lat="-26.003516921773553" lon="-65.81985496915877">
        <ele>1523.66</ele>
      </trkpt>
      <trkpt lat="-26.003600992262363" lon="-65.81986293196678">
        <ele>1523.27</ele>
      </trkpt>
      <trkpt lat="-26.003795955330133" lon="-65.81992797553539">
        <ele>1522.92</ele>
      </trkpt>
      <trkpt lat="-26.003821939229965" lon="-65.81993795000017">
        <ele>1522.59</ele>
      </trkpt>
      <trkpt lat="-26.004013968631625" lon="-65.81997592002153">
        <ele>1522.29</ele>
      </trkpt>
      <trkpt lat="-26.00417791865766" lon="-65.81992194056511">
        <ele>1521.97</ele>
      </trkpt>
      <trkpt lat="-26.00426492281258" lon="-65.81975497305393">
        <ele>1521.67</ele>
      </trkpt>
      <trkpt lat="-26.004319991916418" lon="-65.81956495530903">
        <ele>1521.41</ele>
      </trkpt>
      <trkpt lat="-26.004349999129772" lon="-65.8194559905678">
        <ele>1521.16</ele>
      </trkpt>
      <trkpt lat="-26.00441495887935" lon="-65.81927594728768">
        <ele>1520.91</ele>
      </trkpt>
      <trkpt lat="-26.004459969699383" lon="-65.81921392120421">
        <ele>1520.7</ele>
      </trkpt>
      <trkpt lat="-26.0044779907912" lon="-65.81918793730438">
        <ele>1520.51</ele>
      </trkpt>
      <trkpt lat="-26.00445695221424" lon="-65.81915197893977">
        <ele>1520.33</ele>
      </trkpt>
      <trkpt lat="-26.00443398579955" lon="-65.8190849237144">
        <ele>1520.16</ele>
      </trkpt>
      <trkpt lat="-26.004418982192874" lon="-65.81899791955948">
        <ele>1520.0</ele>
      </trkpt>
      <trkpt lat="-26.004416970536113" lon="-65.81895492039621">
        <ele>1519.84</ele>
      </trkpt>
      <trkpt lat="-26.00441294722259" lon="-65.81889297813177">
        <ele>1519.7</ele>
      </trkpt>
      <trkpt lat="-26.00441294722259" lon="-65.81876599229872">
        <ele>1519.55</ele>
      </trkpt>
      <trkpt lat="-26.00443297997117" lon="-65.81873095594347">
        <ele>1519.42</ele>
      </trkpt>
      <trkpt lat="-26.004458963871002" lon="-65.81867094151676">
        <ele>1519.29</ele>
      </trkpt>
      <trkpt lat="-26.004458963871002" lon="-65.81864998675883">
        <ele>1519.18</ele>
      </trkpt>
      <trkpt lat="-26.004461981356144" lon="-65.81860397011042">
        <ele>1519.07</ele>
      </trkpt>
      <trkpt lat="-26.004470949992537" lon="-65.8185809198767">
        <ele>1518.97</ele>
      </trkpt>
      <trkpt lat="-26.0044779907912" lon="-65.81856591627002">
        <ele>1518.88</ele>
      </trkpt>
      <trkpt lat="-26.004502968862653" lon="-65.8185219950974">
        <ele>1518.8</ele>
      </trkpt>
      <trkpt lat="-26.004524929448962" lon="-65.8185029681772">
        <ele>1518.73</ele>
      </trkpt>
      <trkpt lat="-26.004554936662316" lon="-65.81845795735717">
        <ele>1518.65</ele>
      </trkpt>
      <trkpt lat="-26.00460296496749" lon="-65.81839098595083">
        <ele>1518.58</ele>
      </trkpt>
      <trkpt lat="-26.00462299771607" lon="-65.8183679357171">
        <ele>1518.52</ele>
      </trkpt>
      <trkpt lat="-26.004640934988856" lon="-65.81827799789608">
        <ele>1518.45</ele>
      </trkpt>
      <trkpt lat="-26.00465292111039" lon="-65.8182389382273">
        <ele>1518.4</ele>
      </trkpt>
      <trkpt lat="-26.004654932767153" lon="-65.81816492602229">
        <ele>1518.36</ele>
      </trkpt>
      <trkpt lat="-26.004639929160476" lon="-65.81807398237288">
        <ele>1518.31</ele>
      </trkpt>
      <trkpt lat="-26.004611933603883" lon="-65.81798597238958">
        <ele>1518.27</ele>
      </trkpt>
      <trkpt lat="-26.00455895997584" lon="-65.817891927436">
        <ele>1518.23</ele>
      </trkpt>
      <trkpt lat="-26.004503974691033" lon="-65.81773694604635">
        <ele>1518.23</ele>
      </trkpt>
      <trkpt lat="-26.004448989406228" lon="-65.81760895438492">
        <ele>1518.24</ele>
      </trkpt>
      <trkpt lat="-26.004435997456312" lon="-65.817587999627">
        <ele>1518.22</ele>
      </trkpt>
      <trkpt lat="-26.004397943615913" lon="-65.81752396188676">
        <ele>1518.2</ele>
      </trkpt>
      <trkpt lat="-26.004372965544462" lon="-65.81747895106673">
        <ele>1518.18</ele>
      </trkpt>
      <trkpt lat="-26.004341952502728" lon="-65.81739094108343">
        <ele>1518.15</ele>
      </trkpt>
      <trkpt lat="-26.004335917532444" lon="-65.81731692887843">
        <ele>1518.12</ele>
      </trkpt>
      <trkpt lat="-26.00432694889605" lon="-65.81724693998694">
        <ele>1518.07</ele>
      </trkpt>
      <trkpt lat="-26.004274981096387" lon="-65.81705298274755">
        <ele>1518.01</ele>
      </trkpt>
      <trkpt lat="-26.00421496666968" lon="-65.8168609533459">
        <ele>1517.97</ele>
      </trkpt>
      <trkpt lat="-26.004202980548143" lon="-65.81683899275959">
        <ele>1517.91</ele>
      </trkpt>
      <trkpt lat="-26.004164926707745" lon="-65.81674193032086">
        <ele>1517.86</ele>
      </trkpt>
      <trkpt lat="-26.004137936979532" lon="-65.8166949916631">
        <ele>1517.78</ele>
      </trkpt>
      <trkpt lat="-26.004083957523108" lon="-65.81661393865943">
        <ele>1517.7</ele>
      </trkpt>
      <trkpt lat="-26.004071971401572" lon="-65.81656691618264">
        <ele>1517.6</ele>
      </trkpt>
      <trkpt lat="-26.00400399416685" lon="-65.81642693839967">
        <ele>1517.5</ele>
      </trkpt>
      <trkpt lat="-26.00391598418355" lon="-65.81627598032355">
        <ele>1517.39</ele>
      </trkpt>
      <trkpt lat="-26.003842977806926" lon="-65.81606693565845">
        <ele>1517.3</ele>
      </trkpt>
      <trkpt lat="-26.00374197587371" lon="-65.81586694344878">
        <ele>1517.22</ele>
      </trkpt>
      <trkpt lat="-26.003727978095412" lon="-65.81584598869085">
        <ele>1517.12</ele>
      </trkpt>
      <trkpt lat="-26.00361993536353" lon="-65.8157469984144">
        <ele>1517.0</ele>
      </trkpt>
      <trkpt lat="-26.003557993099093" lon="-65.81558598205447">
        <ele>1516.89</ele>
      </trkpt>
      <trkpt lat="-26.003453973680735" lon="-65.81540694460273">
        <ele>1516.78</ele>
      </trkpt>
      <trkpt lat="-26.003433940932155" lon="-65.81536595709622">
        <ele>1516.68</ele>
      </trkpt>
      <trkpt lat="-26.003308966755867" lon="-65.81518893130124">
        <ele>1516.59</ele>
      </trkpt>
      <trkpt lat="-26.00320595316589" lon="-65.81502296961844">
        <ele>1516.5</ele>
      </trkpt>
      <trkpt lat="-26.003192961215973" lon="-65.8150009252131">
        <ele>1516.42</ele>
      </trkpt>
      <trkpt lat="-26.00308198481798" lon="-65.8148439321667">
        <ele>1516.32</ele>
      </trkpt>
      <trkpt lat="-26.00296899676323" lon="-65.81465994939208">
        <ele>1516.23</ele>
      </trkpt>
      <trkpt lat="-26.002945946529508" lon="-65.81461393274367">
        <ele>1516.17</ele>
      </trkpt>
      <trkpt lat="-26.002826923504472" lon="-65.81444797106087">
        <ele>1516.1</ele>
      </trkpt>
      <trkpt lat="-26.002815943211317" lon="-65.81442492082715">
        <ele>1516.07</ele>
      </trkpt>
      <trkpt lat="-26.002727933228016" lon="-65.81429994665086">
        <ele>1516.05</ele>
      </trkpt>
      <trkpt lat="-26.002596924081445" lon="-65.81413993611932">
        <ele>1516.05</ele>
      </trkpt>
      <trkpt lat="-26.002556942403316" lon="-65.8140859566629">
        <ele>1516.07</ele>
      </trkpt>
      <trkpt lat="-26.002418976277113" lon="-65.81392192281783">
        <ele>1516.12</ele>
      </trkpt>
      <trkpt lat="-26.002297941595316" lon="-65.81375998444855">
        <ele>1516.19</ele>
      </trkpt>
      <trkpt lat="-26.002211943268776" lon="-65.81362193450332">
        <ele>1516.27</ele>
      </trkpt>
      <trkpt lat="-26.002117982134223" lon="-65.81349696032703">
        <ele>1516.36</ele>
      </trkpt>
      <trkpt lat="-26.002015974372625" lon="-65.81335698254406">
        <ele>1516.42</ele>
      </trkpt>
      <trkpt lat="-26.00191597826779" lon="-65.81319998949766">
        <ele>1516.45</ele>
      </trkpt>
      <trkpt lat="-26.00187792442739" lon="-65.81311399117112">
        <ele>1516.51</ele>
      </trkpt>
      <trkpt lat="-26.00183693692088" lon="-65.81309194676578">
        <ele>1516.56</ele>
      </trkpt>
      <trkpt lat="-26.001763930544257" lon="-65.81299697980285">
        <ele>1516.62</ele>
      </trkpt>
      <trkpt lat="-26.001675920560956" lon="-65.81284493207932">
        <ele>1516.69</ele>
      </trkpt>
      <trkpt lat="-26.00157198496163" lon="-65.8127349615097">
        <ele>1516.76</ele>
      </trkpt>
      <trkpt lat="-26.001457991078496" lon="-65.81257193349302">
        <ele>1516.88</ele>
      </trkpt>
      <trkpt lat="-26.001352965831757" lon="-65.81238996237516">
        <ele>1516.99</ele>
      </trkpt>
      <trkpt lat="-26.00134097971022" lon="-65.81236791796982">
        <ele>1517.05</ele>
      </trkpt>
      <trkpt lat="-26.001268979161978" lon="-65.81224093213677">
        <ele>1517.13</ele>
      </trkpt>
      <trkpt lat="-26.00120795890689" lon="-65.8120959252119">
        <ele>1517.18</ele>
      </trkpt>
      <trkpt lat="-26.001137970015407" lon="-65.811971956864">
        <ele>1517.2</ele>
      </trkpt>
      <trkpt lat="-26.001086924225092" lon="-65.81190096214414">
        <ele>1517.21</ele>
      </trkpt>
      <trkpt lat="-26.001076949760318" lon="-65.81188998185098">
        <ele>1517.23</ele>
      </trkpt>
      <trkpt lat="-26.001068986952305" lon="-65.81187799572945">
        <ele>1517.23</ele>
      </trkpt>
      <trkpt lat="-26.00103998556733" lon="-65.8118009660393">
        <ele>1517.21</ele>
      </trkpt>
      <trkpt lat="-26.000982988625765" lon="-65.81169594079256">
        <ele>1517.18</ele>
      </trkpt>
      <trkpt lat="-26.000938983634114" lon="-65.81160097382963">
        <ele>1517.15</ele>
      </trkpt>
      <trkpt lat="-26.000917945057154" lon="-65.81156392581761">
        <ele>1517.13</ele>
      </trkpt>
      <trkpt lat="-26.000892966985703" lon="-65.81148195080459">
        <ele>1517.1</ele>
      </trkpt>
      <trkpt lat="-26.00088592618704" lon="-65.81144297495484">
        <ele>1517.08</ele>
      </trkpt>
      <trkpt lat="-26.000879975035787" lon="-65.81143291667104">
        <ele>1517.07</ele>
      </trkpt>
      <trkpt lat="-26.000858936458826" lon="-65.81138798967004">
        <ele>1517.06</ele>
      </trkpt>
      <trkpt lat="-26.000838987529278" lon="-65.81133392639458">
        <ele>1517.05</ele>
      </trkpt>
      <trkpt lat="-26.00082096643746" lon="-65.81122898496687">
        <ele>1517.0</ele>
      </trkpt>
      <trkpt lat="-26.000774949789047" lon="-65.8110289927572">
        <ele>1516.96</ele>
      </trkpt>
      <trkpt lat="-26.00071392953396" lon="-65.81089094281197">
        <ele>1516.96</ele>
      </trkpt>
      <trkpt lat="-26.000666990876198" lon="-65.81081592477858">
        <ele>1516.94</ele>
      </trkpt>
      <trkpt lat="-26.000603958964348" lon="-65.81075197085738">
        <ele>1516.94</ele>
      </trkpt>
      <trkpt lat="-26.000485941767693" lon="-65.81069899722934">
        <ele>1516.97</ele>
      </trkpt>
      <trkpt lat="-26.000319980084896" lon="-65.81066899001598">
        <ele>1517.06</ele>
      </trkpt>
      <trkpt lat="-26.00026692263782" lon="-65.81066396087408">
        <ele>1517.12</ele>
      </trkpt>
      <trkpt lat="-26.000247979536653" lon="-65.81065499223769">
        <ele>1517.16</ele>
      </trkpt>
      <trkpt lat="-26.000247979536653" lon="-65.81065197475255">
        <ele>1517.19</ele>
      </trkpt>
      <trkpt lat="-26.000251919031143" lon="-65.8106579259038">
        <ele>1517.22</ele>
      </trkpt>
      <trkpt lat="-26.000249991193414" lon="-65.8106539864093">
        <ele>1517.25</ele>
      </trkpt>
      <trkpt lat="-26.000250997021794" lon="-65.81064996309578">
        <ele>1517.28</ele>
      </trkpt>
      <trkpt lat="-26.000250997021794" lon="-65.81064694561064">
        <ele>1517.31</ele>
      </trkpt>
      <trkpt lat="-26.000250997021794" lon="-65.81064593978226">
        <ele>1517.34</ele>
      </trkpt>
      <trkpt lat="-26.000251919031143" lon="-65.8106439281255">
        <ele>1517.37</ele>
      </trkpt>
      <trkpt lat="-26.000252924859524" lon="-65.81064099445939">
        <ele>1517.39</ele>
      </trkpt>
      <trkpt lat="-26.000251919031143" lon="-65.81063495948911">
        <ele>1517.42</ele>
      </trkpt>
      <trkpt lat="-26.000251919031143" lon="-65.81063194200397">
        <ele>1517.44</ele>
      </trkpt>
      <trkpt lat="-26.000227946788073" lon="-65.8105799742043">
        <ele>1517.52</ele>
      </trkpt>
      <trkpt lat="-26.000214954838157" lon="-65.81054594367743">
        <ele>1517.56</ele>
      </trkpt>
      <trkpt lat="-26.00021897815168" lon="-65.81054996699095">
        <ele>1517.56</ele>
      </trkpt>
      <trkpt lat="-26.000227946788073" lon="-65.81056195311248">
        <ele>1517.54</ele>
      </trkpt>
      <trkpt lat="-26.000238927081227" lon="-65.81058198586106">
        <ele>1517.5</ele>
      </trkpt>
      <trkpt lat="-26.000279998406768" lon="-65.81063093617558">
        <ele>1517.42</ele>
      </trkpt>
      <trkpt lat="-26.000276980921626" lon="-65.8106299303472">
        <ele>1517.41</ele>
      </trkpt>
      <trkpt lat="-26.000276980921626" lon="-65.81063093617558">
        <ele>1517.39</ele>
      </trkpt>
      <trkpt lat="-26.000273963436484" lon="-65.81061492674053">
        <ele>1517.39</ele>
      </trkpt>
      <trkpt lat="-26.000272957608104" lon="-65.81061392091215">
        <ele>1517.37</ele>
      </trkpt>
      <trkpt lat="-26.000270945951343" lon="-65.81060193479061">
        <ele>1517.36</ele>
      </trkpt>
      <trkpt lat="-26.000271951779723" lon="-65.81060193479061">
        <ele>1517.34</ele>
      </trkpt>
      <trkpt lat="-26.000281926244497" lon="-65.81060193479061">
        <ele>1517.32</ele>
      </trkpt>
      <trkpt lat="-26.000290978699923" lon="-65.8106079697609">
        <ele>1517.29</ele>
      </trkpt>
      <trkpt lat="-26.000290978699923" lon="-65.81060897558928">
        <ele>1517.27</ele>
      </trkpt>
      <trkpt lat="-26.000289972871542" lon="-65.81060897558928">
        <ele>1517.27</ele>
      </trkpt>
      <trkpt lat="-26.0002869553864" lon="-65.81060897558928">
        <ele>1517.27</ele>
      </trkpt>
      <trkpt lat="-26.00028594955802" lon="-65.81060897558928">
        <ele>1517.27</ele>
      </trkpt>
      <trkpt lat="-26.0002869553864" lon="-65.81060595810413">
        <ele>1517.28</ele>
      </trkpt>
      <trkpt lat="-26.00028594955802" lon="-65.81060495227575">
        <ele>1517.3</ele>
      </trkpt>
      <trkpt lat="-26.000291984528303" lon="-65.8106079697609">
        <ele>1517.32</ele>
      </trkpt>
      <trkpt lat="-26.00030698813498" lon="-65.81061098724604">
        <ele>1517.34</ele>
      </trkpt>
      <trkpt lat="-26.00030799396336" lon="-65.8106129989028">
        <ele>1517.38</ele>
      </trkpt>
      <trkpt lat="-26.00030899979174" lon="-65.81061693839729">
        <ele>1517.43</ele>
      </trkpt>
      <trkpt lat="-26.00030397064984" lon="-65.81062196753919">
        <ele>1517.5</ele>
      </trkpt>
      <trkpt lat="-26.000233981758356" lon="-65.81064694561064">
        <ele>1517.61</ele>
      </trkpt>
      <trkpt lat="-26.000150917097926" lon="-65.81068592146039">
        <ele>1517.75</ele>
      </trkpt>
      <trkpt lat="-26.000110935419798" lon="-65.8106959797442">
        <ele>1517.86</ele>
      </trkpt>
      <trkpt lat="-26.00006994791329" lon="-65.81071693450212">
        <ele>1517.97</ele>
      </trkpt>
      <trkpt lat="-26.000043964013457" lon="-65.81073294393718">
        <ele>1518.08</ele>
      </trkpt>
      <trkpt lat="-26.000013956800103" lon="-65.8107459358871">
        <ele>1518.21</ele>
      </trkpt>
      <trkpt lat="-25.999979926273227" lon="-65.81076295115054">
        <ele>1518.35</ele>
      </trkpt>
      <trkpt lat="-25.999932987615466" lon="-65.81079597584903">
        <ele>1518.5</ele>
      </trkpt>
      <trkpt lat="-25.999882947653532" lon="-65.81081793643534">
        <ele>1518.65</ele>
      </trkpt>
      <trkpt lat="-25.999827962368727" lon="-65.81082296557724">
        <ele>1518.91</ele>
      </trkpt>
      <trkpt lat="-25.99979192018509" lon="-65.8108339458704">
        <ele>1519.08</ele>
      </trkpt>
      <trkpt lat="-25.999775994569063" lon="-65.81084299832582">
        <ele>1519.26</ele>
      </trkpt>
      <trkpt lat="-25.999733917415142" lon="-65.81087292172015">
        <ele>1519.45</ele>
      </trkpt>
      <trkpt lat="-25.99970994517207" lon="-65.81090393476188">
        <ele>1519.65</ele>
      </trkpt>
      <trkpt lat="-25.999690918251872" lon="-65.81092095002532">
        <ele>1519.86</ele>
      </trkpt>
      <trkpt lat="-25.999669963493943" lon="-65.81093695946038">
        <ele>1520.09</ele>
      </trkpt>
      <trkpt lat="-25.999647919088602" lon="-65.81095799803734">
        <ele>1520.33</ele>
      </trkpt>
      <trkpt lat="-25.99963995628059" lon="-65.81096797250211">
        <ele>1520.58</ele>
      </trkpt>
      <trkpt lat="-25.999611960723996" lon="-65.81099295057356">
        <ele>1520.84</ele>
      </trkpt>
      <trkpt lat="-25.999569967389107" lon="-65.81105195917189">
        <ele>1521.1</ele>
      </trkpt>
      <trkpt lat="-25.99942898377776" lon="-65.81115799024701">
        <ele>1521.4</ele>
      </trkpt>
      <trkpt lat="-25.9993199352175" lon="-65.81124893389642">
        <ele>1521.69</ele>
      </trkpt>
      <trkpt lat="-25.999285988509655" lon="-65.81127491779625">
        <ele>1522.01</ele>
      </trkpt>
      <trkpt lat="-25.999140981584787" lon="-65.81141497939825">
        <ele>1522.43</ele>
      </trkpt>
      <trkpt lat="-25.999058922752738" lon="-65.81153894774616">
        <ele>1522.78</ele>
      </trkpt>
      <trkpt lat="-25.99897493608296" lon="-65.81167498603463">
        <ele>1523.14</ele>
      </trkpt>
      <trkpt lat="-25.998926991596818" lon="-65.81173097714782">
        <ele>1523.5</ele>
      </trkpt>
      <trkpt lat="-25.998904947191477" lon="-65.81179694272578">
        <ele>1523.82</ele>
      </trkpt>
      <trkpt lat="-25.99888893775642" lon="-65.81190196797252">
        <ele>1524.13</ele>
      </trkpt>
      <trkpt lat="-25.998861948028207" lon="-65.81205292604864">
        <ele>1524.41</ele>
      </trkpt>
      <trkpt lat="-25.99884493276477" lon="-65.81210891716182">
        <ele>1524.72</ele>
      </trkpt>
      <trkpt lat="-25.998832946643233" lon="-65.812156945467">
        <ele>1525.01</ele>
      </trkpt>
      <trkpt lat="-25.998810986056924" lon="-65.81226096488535">
        <ele>1525.28</ele>
      </trkpt>
      <trkpt lat="-25.998793970793486" lon="-65.81234293989837">
        <ele>1525.56</ele>
      </trkpt>
      <trkpt lat="-25.998732950538397" lon="-65.81247998401523">
        <ele>1525.82</ele>
      </trkpt>
      <trkpt lat="-25.998624991625547" lon="-65.81259892322123">
        <ele>1526.11</ele>
      </trkpt>
      <trkpt lat="-25.99847998470068" lon="-65.81271794624627">
        <ele>1526.42</ele>
      </trkpt>
      <trkpt lat="-25.99846095778048" lon="-65.81272792071104">
        <ele>1526.69</ele>
      </trkpt>
      <trkpt lat="-25.998382922261953" lon="-65.81277091987431">
        <ele>1526.99</ele>
      </trkpt>
      <trkpt lat="-25.9982699342072" lon="-65.81283495761454">
        <ele>1527.24</ele>
      </trkpt>
      <trkpt lat="-25.998112941160798" lon="-65.81295096315444">
        <ele>1527.52</ele>
      </trkpt>
      <trkpt lat="-25.99807195365429" lon="-65.81297594122589">
        <ele>1527.75</ele>
      </trkpt>
      <trkpt lat="-25.997958965599537" lon="-65.8130629453808">
        <ele>1527.95</ele>
      </trkpt>
      <trkpt lat="-25.99779593758285" lon="-65.81316797062755">
        <ele>1528.14</ele>
      </trkpt>
      <trkpt lat="-25.997636932879686" lon="-65.813266960904">
        <ele>1528.34</ele>
      </trkpt>
      <trkpt lat="-25.997616983950138" lon="-65.81327995285392">
        <ele>1528.48</ele>
      </trkpt>
      <trkpt lat="-25.997460996732116" lon="-65.81338598392904">
        <ele>1528.56</ele>
      </trkpt>
      <trkpt lat="-25.99738597869873" lon="-65.8134329225868">
        <ele>1528.65</ele>
      </trkpt>
      <trkpt lat="-25.997283970937133" lon="-65.81347399391234">
        <ele>1528.76</ele>
      </trkpt>
      <trkpt lat="-25.99727399647236" lon="-65.81346795894206">
        <ele>1528.85</ele>
      </trkpt>
      <trkpt lat="-25.997251952067018" lon="-65.81345798447728">
        <ele>1528.93</ele>
      </trkpt>
      <trkpt lat="-25.99723694846034" lon="-65.81346393562853">
        <ele>1529.01</ele>
      </trkpt>
      <trkpt lat="-25.99723594263196" lon="-65.81346091814339">
        <ele>1529.09</ele>
      </trkpt>
      <trkpt lat="-25.997221944853663" lon="-65.81346896477044">
        <ele>1529.17</ele>
      </trkpt>
      <trkpt lat="-25.997158996760845" lon="-65.81352495588362">
        <ele>1529.26</ele>
      </trkpt>
      <trkpt lat="-25.99708992987871" lon="-65.81361598335207">
        <ele>1529.34</ele>
      </trkpt>
      <trkpt lat="-25.997035950422287" lon="-65.8136919233948">
        <ele>1529.45</ele>
      </trkpt>
      <trkpt lat="-25.99700393155217" lon="-65.81373693421483">
        <ele>1529.57</ele>
      </trkpt>
      <trkpt lat="-25.996877951547503" lon="-65.81382494419813">
        <ele>1529.72</ele>
      </trkpt>
      <trkpt lat="-25.996680976822972" lon="-65.81389099359512">
        <ele>1529.9</ele>
      </trkpt>
      <trkpt lat="-25.99648299627006" lon="-65.81395494751632">
        <ele>1530.1</ele>
      </trkpt>
      <trkpt lat="-25.99630898796022" lon="-65.81398093141615">
        <ele>1530.31</ele>
      </trkpt>
      <trkpt lat="-25.996281998232007" lon="-65.81398294307292">
        <ele>1530.54</ele>
      </trkpt>
      <trkpt lat="-25.99609994329512" lon="-65.81403792835772">
        <ele>1530.84</ele>
      </trkpt>
      <trkpt lat="-25.99592593498528" lon="-65.81414798274636">
        <ele>1531.14</ele>
      </trkpt>
      <trkpt lat="-25.99590095691383" lon="-65.81416198052466">
        <ele>1531.48</ele>
      </trkpt>
      <trkpt lat="-25.995737928897142" lon="-65.81425795331597">
        <ele>1531.87</ele>
      </trkpt>
      <trkpt lat="-25.99571194499731" lon="-65.81427195109427">
        <ele>1532.29</ele>
      </trkpt>
      <trkpt lat="-25.995545983314514" lon="-65.81435996107757">
        <ele>1532.75</ele>
      </trkpt>
      <trkpt lat="-25.995508935302496" lon="-65.8143669180572">
        <ele>1533.25</ele>
      </trkpt>
      <trkpt lat="-25.99549393169582" lon="-65.81436297856271">
        <ele>1533.79</ele>
      </trkpt>
      <trkpt lat="-25.995422936975956" lon="-65.81432391889393">
        <ele>1534.39</ele>
      </trkpt>
      <trkpt lat="-25.995369963347912" lon="-65.81427496857941">
        <ele>1535.04</ele>
      </trkpt>
      <trkpt lat="-25.99536694586277" lon="-65.81426792778075">
        <ele>1535.69</ele>
      </trkpt>
      <trkpt lat="-25.995330987498164" lon="-65.814228951931">
        <ele>1536.4</ele>
      </trkpt>
      <trkpt lat="-25.995313972234726" lon="-65.81421294249594">
        <ele>1537.13</ele>
      </trkpt>
      <trkpt lat="-25.995160918682814" lon="-65.81416097469628">
        <ele>1538.02</ele>
      </trkpt>
      <trkpt lat="-25.995121942833066" lon="-65.81415292806923">
        <ele>1538.81</ele>
      </trkpt>
      <trkpt lat="-25.995057988911867" lon="-65.8140939194709">
        <ele>1539.66</ele>
      </trkpt>
      <trkpt lat="-25.994988922029734" lon="-65.81398294307292">
        <ele>1540.52</ele>
      </trkpt>
      <trkpt lat="-25.99489093758166" lon="-65.81386299803853">
        <ele>1541.46</ele>
      </trkpt>
      <trkpt lat="-25.994823966175318" lon="-65.81383399665356">
        <ele>1542.35</ele>
      </trkpt>
      <trkpt lat="-25.994796976447105" lon="-65.81382092088461">
        <ele>1543.2</ele>
      </trkpt>
      <trkpt lat="-25.99478599615395" lon="-65.81381597556174">
        <ele>1544.03</ele>
      </trkpt>
      <trkpt lat="-25.994771998375654" lon="-65.81381195224822">
        <ele>1544.85</ele>
      </trkpt>
      <trkpt lat="-25.994750959798694" lon="-65.81379099749029">
        <ele>1545.67</ele>
      </trkpt>
      <trkpt lat="-25.994729921221733" lon="-65.81376995891333">
        <ele>1546.49</ele>
      </trkpt>
      <trkpt lat="-25.994715923443437" lon="-65.8137659355998">
        <ele>1547.27</ele>
      </trkpt>
      <trkpt lat="-25.994682982563972" lon="-65.81375797279179">
        <ele>1548.06</ele>
      </trkpt>
      <trkpt lat="-25.994669990614057" lon="-65.81376099027693">
        <ele>1548.81</ele>
      </trkpt>
      <trkpt lat="-25.994642917066813" lon="-65.81376794725657">
        <ele>1549.54</ele>
      </trkpt>
      <trkpt lat="-25.994588937610388" lon="-65.81373693421483">
        <ele>1550.29</ele>
      </trkpt>
      <trkpt lat="-25.99452699534595" lon="-65.81374598667026">
        <ele>1551.0</ele>
      </trkpt>
      <trkpt lat="-25.99443999119103" lon="-65.81374799832702">
        <ele>1551.71</ele>
      </trkpt>
      <trkpt lat="-25.994425993412733" lon="-65.81374498084188">
        <ele>1552.34</ele>
      </trkpt>
      <trkpt lat="-25.994411995634437" lon="-65.81374699249864">
        <ele>1552.94</ele>
      </trkpt>
      <trkpt lat="-25.99439699202776" lon="-65.81376199610531">
        <ele>1553.5</ele>
      </trkpt>
      <trkpt lat="-25.994305964559317" lon="-65.81384296528995">
        <ele>1554.04</ele>
      </trkpt>
      <trkpt lat="-25.994251985102892" lon="-65.8138869702816">
        <ele>1554.55</ele>
      </trkpt>
      <trkpt lat="-25.994239998981357" lon="-65.81389694474638">
        <ele>1555.03</ele>
      </trkpt>
      <trkpt lat="-25.994220972061157" lon="-65.81390499137342">
        <ele>1555.5</ele>
      </trkpt>
      <trkpt lat="-25.99418099038303" lon="-65.81391194835305">
        <ele>1555.97</ele>
      </trkpt>
      <trkpt lat="-25.99416296929121" lon="-65.81392494030297">
        <ele>1556.38</ele>
      </trkpt>
      <trkpt lat="-25.99412097595632" lon="-65.81394799053669">
        <ele>1556.8</ele>
      </trkpt>
      <trkpt lat="-25.994040928781033" lon="-65.8139889780432">
        <ele>1557.22</ele>
      </trkpt>
      <trkpt lat="-25.99403196014464" lon="-65.81399199552834">
        <ele>1557.56</ele>
      </trkpt>
      <trkpt lat="-25.993993990123272" lon="-65.81400196999311">
        <ele>1557.89</ele>
      </trkpt>
      <trkpt lat="-25.993980998173356" lon="-65.81402393057942">
        <ele>1558.16</ele>
      </trkpt>
      <trkpt lat="-25.9939269348979" lon="-65.81402694806457">
        <ele>1558.47</ele>
      </trkpt>
      <trkpt lat="-25.993893994018435" lon="-65.81404094584286">
        <ele>1558.73</ele>
      </trkpt>
      <trkpt lat="-25.993880918249488" lon="-65.81402594223619">
        <ele>1558.99</ele>
      </trkpt>
      <trkpt lat="-25.99387899041176" lon="-65.81402292475104">
        <ele>1559.21</ele>
      </trkpt>
      <trkpt lat="-25.993876978754997" lon="-65.81402191892266">
        <ele>1559.43</ele>
      </trkpt>
      <trkpt lat="-25.993869937956333" lon="-65.81402191892266">
        <ele>1559.64</ele>
      </trkpt>
      <trkpt lat="-25.99384294822812" lon="-65.81402099691331">
        <ele>1559.86</ele>
      </trkpt>
      <trkpt lat="-25.99383993074298" lon="-65.81402099691331">
        <ele>1560.05</ele>
      </trkpt>
      <trkpt lat="-25.993813946843147" lon="-65.81401596777141">
        <ele>1560.26</ele>
      </trkpt>
      <trkpt lat="-25.9937749709934" lon="-65.81400892697275">
        <ele>1560.49</ele>
      </trkpt>
      <trkpt lat="-25.993766924366355" lon="-65.81400599330664">
        <ele>1560.69</ele>
      </trkpt>
      <trkpt lat="-25.993761979043484" lon="-65.81399895250797">
        <ele>1560.9</ele>
      </trkpt>
      <trkpt lat="-25.99375292658806" lon="-65.81399199552834">
        <ele>1561.11</ele>
      </trkpt>
      <trkpt lat="-25.993736917153" lon="-65.81399794667959">
        <ele>1561.33</ele>
      </trkpt>
      <trkpt lat="-25.99373096600175" lon="-65.81400196999311">
        <ele>1561.54</ele>
      </trkpt>
      <trkpt lat="-25.993728954344988" lon="-65.8140029758215">
        <ele>1561.78</ele>
      </trkpt>
      <trkpt lat="-25.99371395073831" lon="-65.81399291753769">
        <ele>1562.05</ele>
      </trkpt>
      <trkpt lat="-25.993708921596408" lon="-65.8139839489013">
        <ele>1562.32</ele>
      </trkpt>
      <trkpt lat="-25.993699952960014" lon="-65.81397598609328">
        <ele>1562.63</ele>
      </trkpt>
      <trkpt lat="-25.993685955181718" lon="-65.81397296860814">
        <ele>1562.95</ele>
      </trkpt>
      <trkpt lat="-25.993684949353337" lon="-65.81397196277976">
        <ele>1563.28</ele>
      </trkpt>
      <trkpt lat="-25.993658965453506" lon="-65.81396399997175">
        <ele>1563.65</ele>
      </trkpt>
      <trkpt lat="-25.99362594075501" lon="-65.8139509242028">
        <ele>1564.05</ele>
      </trkpt>
      <trkpt lat="-25.99360599182546" lon="-65.81393499858677">
        <ele>1564.48</ele>
      </trkpt>
      <trkpt lat="-25.9935349971056" lon="-65.81383592449129">
        <ele>1565.0</ele>
      </trkpt>
      <trkpt lat="-25.993502978235483" lon="-65.81379292532802">
        <ele>1565.49</ele>
      </trkpt>
      <trkpt lat="-25.99349996075034" lon="-65.81379191949964">
        <ele>1565.97</ele>
      </trkpt>
      <trkpt lat="-25.993485962972045" lon="-65.81378194503486">
        <ele>1566.47</ele>
      </trkpt>
      <trkpt lat="-25.993464924395084" lon="-65.81376199610531">
        <ele>1567.01</ele>
      </trkpt>
      <trkpt lat="-25.993459979072213" lon="-65.81375897862017">
        <ele>1567.55</ele>
      </trkpt>
      <trkpt lat="-25.993406921625137" lon="-65.81372897140682">
        <ele>1568.13</ele>
      </trkpt>
      <trkpt lat="-25.993374986574054" lon="-65.81366996280849">
        <ele>1568.75</ele>
      </trkpt>
      <trkpt lat="-25.9933259524405" lon="-65.81360793672502">
        <ele>1569.38</ele>
      </trkpt>
      <trkpt lat="-25.99328395910561" lon="-65.81357097253203">
        <ele>1570.02</ele>
      </trkpt>
      <trkpt lat="-25.993255963549018" lon="-65.81356996670365">
        <ele>1570.63</ele>
      </trkpt>
      <trkpt lat="-25.993254957720637" lon="-65.81356896087527">
        <ele>1571.26</ele>
      </trkpt>
      <trkpt lat="-25.99332494661212" lon="-65.81354691646993">
        <ele>1571.92</ele>
      </trkpt>
      <trkpt lat="-25.99332695826888" lon="-65.81354197114706">
        <ele>1572.56</ele>
      </trkpt>
      <trkpt lat="-25.993359982967377" lon="-65.81347198225558">
        <ele>1573.26</ele>
      </trkpt>
      <trkpt lat="-25.993336932733655" lon="-65.81335597671568">
        <ele>1574.01</ele>
      </trkpt>
      <trkpt lat="-25.993314972147346" lon="-65.8133169170469">
        <ele>1574.7</ele>
      </trkpt>
      <trkpt lat="-25.993287982419133" lon="-65.81327391788363">
        <ele>1575.38</ele>
      </trkpt>
      <trkpt lat="-25.993266943842173" lon="-65.81318993121386">
        <ele>1576.09</ele>
      </trkpt>
      <trkpt lat="-25.993267949670553" lon="-65.81317299976945">
        <ele>1576.71</ele>
      </trkpt>
      <trkpt lat="-25.993271972984076" lon="-65.81313293427229">
        <ele>1577.33</ele>
      </trkpt>
      <trkpt lat="-25.993266943842173" lon="-65.81307996064425">
        <ele>1577.92</ele>
      </trkpt>
      <trkpt lat="-25.99326099269092" lon="-65.8130219578743">
        <ele>1578.49</ele>
      </trkpt>
      <trkpt lat="-25.99326099269092" lon="-65.81299899145961">
        <ele>1579.02</ele>
      </trkpt>
      <trkpt lat="-25.9932569693774" lon="-65.81293696537614">
        <ele>1579.54</ele>
      </trkpt>
      <trkpt lat="-25.993248922750354" lon="-65.81287099979818">
        <ele>1580.04</ele>
      </trkpt>
      <trkpt lat="-25.99321497604251" lon="-65.81280595622957">
        <ele>1580.5</ele>
      </trkpt>
      <trkpt lat="-25.993161918595433" lon="-65.81272699870169">
        <ele>1580.93</ele>
      </trkpt>
      <trkpt lat="-25.993144987151027" lon="-65.8126469515264">
        <ele>1581.33</ele>
      </trkpt>
      <trkpt lat="-25.993137946352363" lon="-65.81260093487799">
        <ele>1581.69</ele>
      </trkpt>
      <trkpt lat="-25.993113974109292" lon="-65.81253094598651">
        <ele>1582.0</ele>
      </trkpt>
      <trkpt lat="-25.9930669516325" lon="-65.81244193017483">
        <ele>1582.27</ele>
      </trkpt>
      <trkpt lat="-25.992990927770734" lon="-65.81233992241323">
        <ele>1582.52</ele>
      </trkpt>
      <trkpt lat="-25.99297994747758" lon="-65.81231695599854">
        <ele>1582.72</ele>
      </trkpt>
      <trkpt lat="-25.99296293221414" lon="-65.81228393130004">
        <ele>1582.89</ele>
      </trkpt>
      <trkpt lat="-25.992948934435844" lon="-65.81226096488535">
        <ele>1583.02</ele>
      </trkpt>
      <trkpt lat="-25.992934936657548" lon="-65.81223397515714">
        <ele>1583.13</ele>
      </trkpt>
      <trkpt lat="-25.99292093887925" lon="-65.81221293658018">
        <ele>1583.21</ele>
      </trkpt>
      <trkpt lat="-25.992847932502627" lon="-65.81211294047534">
        <ele>1583.26</ele>
      </trkpt>
      <trkpt lat="-25.992839969694614" lon="-65.81207999959588">
        <ele>1583.29</ele>
      </trkpt>
      <trkpt lat="-25.992799988016486" lon="-65.8118839468807">
        <ele>1583.26</ele>
      </trkpt>
      <trkpt lat="-25.992794958874583" lon="-65.81186098046601">
        <ele>1583.27</ele>
      </trkpt>
      <trkpt lat="-25.992770986631513" lon="-65.81172393634915">
        <ele>1583.25</ele>
      </trkpt>
      <trkpt lat="-25.992712983861566" lon="-65.81176492385566">
        <ele>1583.21</ele>
      </trkpt>
      <trkpt lat="-25.992711978033185" lon="-65.81176492385566">
        <ele>1583.19</ele>
      </trkpt>
      <trkpt lat="-25.992684988304973" lon="-65.81175293773413">
        <ele>1583.14</ele>
      </trkpt>
      <trkpt lat="-25.992590943351388" lon="-65.81176391802728">
        <ele>1583.1</ele>
      </trkpt>
      <trkpt lat="-25.992500921711326" lon="-65.81181295216084">
        <ele>1583.09</ele>
      </trkpt>
      <trkpt lat="-25.99244291894138" lon="-65.8118199929595">
        <ele>1583.06</ele>
      </trkpt>
      <trkpt lat="-25.992351975291967" lon="-65.81181194633245">
        <ele>1583.03</ele>
      </trkpt>
      <trkpt lat="-25.99222892895341" lon="-65.81181798130274">
        <ele>1583.0</ele>
      </trkpt>
      <trkpt lat="-25.992191964760423" lon="-65.8118289615959">
        <ele>1582.96</ele>
      </trkpt>
      <trkpt lat="-25.99216598086059" lon="-65.81183893606067">
        <ele>1582.91</ele>
      </trkpt>
      <trkpt lat="-25.99214695394039" lon="-65.81184698268771">
        <ele>1582.86</ele>
      </trkpt>
      <trkpt lat="-25.99213899113238" lon="-65.81185192801058">
        <ele>1582.81</ele>
      </trkpt>
      <trkpt lat="-25.9921239875257" lon="-65.81185695715249">
        <ele>1582.75</ele>
      </trkpt>
      <trkpt lat="-25.9921189583838" lon="-65.81185896880925">
        <ele>1582.69</ele>
      </trkpt>
      <trkpt lat="-25.99211996421218" lon="-65.81185695715249">
        <ele>1582.63</ele>
      </trkpt>
      <trkpt lat="-25.99211996421218" lon="-65.81185796298087">
        <ele>1582.57</ele>
      </trkpt>
      <trkpt lat="-25.99211996421218" lon="-65.81185896880925">
        <ele>1582.51</ele>
      </trkpt>
      <trkpt lat="-25.992116946727037" lon="-65.81185896880925">
        <ele>1582.44</ele>
      </trkpt>
      <trkpt lat="-25.99201393313706" lon="-65.81186399795115">
        <ele>1582.37</ele>
      </trkpt>
      <trkpt lat="-25.991995995864272" lon="-65.81185796298087">
        <ele>1582.29</ele>
      </trkpt>
      <trkpt lat="-25.99195199087262" lon="-65.81182192079723">
        <ele>1582.21</ele>
      </trkpt>
      <trkpt lat="-25.99190899170935" lon="-65.81177892163396">
        <ele>1582.12</ele>
      </trkpt>
      <trkpt lat="-25.991871943697333" lon="-65.81174497492611">
        <ele>1582.04</ele>
      </trkpt>
      <trkpt lat="-25.99184193648398" lon="-65.81173399463296">
        <ele>1581.96</ele>
      </trkpt>
      <trkpt lat="-25.991838918998837" lon="-65.8117319829762">
        <ele>1581.88</ele>
      </trkpt>
      <trkpt lat="-25.99182198755443" lon="-65.81171899102628">
        <ele>1581.8</ele>
      </trkpt>
      <trkpt lat="-25.991805978119373" lon="-65.81170599907637">
        <ele>1581.72</ele>
      </trkpt>
      <trkpt lat="-25.991787957027555" lon="-65.8116849604994">
        <ele>1581.63</ele>
      </trkpt>
      <trkpt lat="-25.991788962855935" lon="-65.81168596632779">
        <ele>1581.54</ele>
      </trkpt>
      <trkpt lat="-25.991787957027555" lon="-65.81168898381293">
        <ele>1581.45</ele>
      </trkpt>
      <trkpt lat="-25.991738922894" lon="-65.81165595911443">
        <ele>1581.35</ele>
      </trkpt>
      <trkpt lat="-25.99169692955911" lon="-65.81161195412278">
        <ele>1581.24</ele>
      </trkpt>
      <trkpt lat="-25.991639932617545" lon="-65.81147499382496">
        <ele>1581.12</ele>
      </trkpt>
      <trkpt lat="-25.991549994796515" lon="-65.81134197302163">
        <ele>1580.99</ele>
      </trkpt>
      <trkpt lat="-25.991538930684328" lon="-65.81123996526003">
        <ele>1580.87</ele>
      </trkpt>
      <trkpt lat="-25.991532979533076" lon="-65.8111759275198">
        <ele>1580.73</ele>
      </trkpt>
      <trkpt lat="-25.991526944562793" lon="-65.81111792474985">
        <ele>1580.6</ele>
      </trkpt>
      <trkpt lat="-25.991526944562793" lon="-65.81105195917189">
        <ele>1580.45</ele>
      </trkpt>
      <trkpt lat="-25.991530967876315" lon="-65.81102698110044">
        <ele>1580.29</ele>
      </trkpt>
      <trkpt lat="-25.991532979533076" lon="-65.81095892004669">
        <ele>1580.12</ele>
      </trkpt>
      <trkpt lat="-25.99150096066296" lon="-65.8108199480921">
        <ele>1579.94</ele>
      </trkpt>
      <trkpt lat="-25.991484951227903" lon="-65.81077694892883">
        <ele>1579.74</ele>
      </trkpt>
      <trkpt lat="-25.99143197759986" lon="-65.81064292229712">
        <ele>1579.53</ele>
      </trkpt>
      <trkpt lat="-25.99138797260821" lon="-65.81057896837592">
        <ele>1579.28</ele>
      </trkpt>
      <trkpt lat="-25.991366934031248" lon="-65.81052691675723">
        <ele>1579.03</ele>
      </trkpt>
      <trkpt lat="-25.991359977051616" lon="-65.81049992702901">
        <ele>1578.78</ele>
      </trkpt>
      <trkpt lat="-25.991353942081332" lon="-65.81047494895756">
        <ele>1578.51</ele>
      </trkpt>
      <trkpt lat="-25.991339944303036" lon="-65.81045491620898">
        <ele>1578.24</ele>
      </trkpt>
      <trkpt lat="-25.991323934867978" lon="-65.81043597310781">
        <ele>1577.95</ele>
      </trkpt>
      <trkpt lat="-25.99130599759519" lon="-65.81043899059296">
        <ele>1577.65</ele>
      </trkpt>
      <trkpt lat="-25.991289988160133" lon="-65.81045198254287">
        <ele>1577.35</ele>
      </trkpt>
      <trkpt lat="-25.99128697067499" lon="-65.81044896505773">
        <ele>1577.04</ele>
      </trkpt>
      <trkpt lat="-25.991232991218567" lon="-65.81044293008745">
        <ele>1576.7</ele>
      </trkpt>
      <trkpt lat="-25.991107933223248" lon="-65.81040496006608">
        <ele>1576.28</ele>
      </trkpt>
      <trkpt lat="-25.991038950160146" lon="-65.81040697172284">
        <ele>1575.91</ele>
      </trkpt>
      <trkpt lat="-25.991031993180513" lon="-65.81041594035923">
        <ele>1575.55</ele>
      </trkpt>
      <trkpt lat="-25.991021934896708" lon="-65.81041996367276">
        <ele>1575.19</ele>
      </trkpt>
      <trkpt lat="-25.99098396487534" lon="-65.81040294840932">
        <ele>1574.81</ele>
      </trkpt>
      <trkpt lat="-25.990932919085026" lon="-65.8103349711746">
        <ele>1574.4</ele>
      </trkpt>
      <trkpt lat="-25.990925962105393" lon="-65.81032591871917">
        <ele>1574.03</ele>
      </trkpt>
      <trkpt lat="-25.990902995690703" lon="-65.81029792316258">
        <ele>1573.65</ele>
      </trkpt>
      <trkpt lat="-25.990924956277013" lon="-65.81031493842602">
        <ele>1573.29</ele>
      </trkpt>
      <trkpt lat="-25.99093895405531" lon="-65.81033597700298">
        <ele>1572.93</ele>
      </trkpt>
      <trkpt lat="-25.99094297736883" lon="-65.81035492010415">
        <ele>1572.57</ele>
      </trkpt>
      <trkpt lat="-25.990944989025593" lon="-65.81035492010415">
        <ele>1572.2</ele>
      </trkpt>
      <trkpt lat="-25.990945994853973" lon="-65.81035492010415">
        <ele>1571.84</ele>
      </trkpt>
      <trkpt lat="-25.990891931578517" lon="-65.8102879486978">
        <ele>1571.44</ele>
      </trkpt>
      <trkpt lat="-25.990845998749137" lon="-65.81027093343437">
        <ele>1571.07</ele>
      </trkpt>
      <trkpt lat="-25.990796964615583" lon="-65.81025492399931">
        <ele>1570.7</ele>
      </trkpt>
      <trkpt lat="-25.990738961845636" lon="-65.81021695397794">
        <ele>1570.33</ele>
      </trkpt>
      <trkpt lat="-25.990693951025605" lon="-65.81017596647143">
        <ele>1569.97</ele>
      </trkpt>
      <trkpt lat="-25.990685988217592" lon="-65.81017093732953">
        <ele>1569.65</ele>
      </trkpt>
      <trkpt lat="-25.99066092632711" lon="-65.81015492789447">
        <ele>1569.33</ele>
      </trkpt>
      <trkpt lat="-25.990583980455995" lon="-65.8101169578731">
        <ele>1569.0</ele>
      </trkpt>
      <trkpt lat="-25.990481972694397" lon="-65.81008393317461">
        <ele>1568.67</ele>
      </trkpt>
      <trkpt lat="-25.99035993218422" lon="-65.81006297841668">
        <ele>1568.37</ele>
      </trkpt>
      <trkpt lat="-25.990286925807595" lon="-65.81004495732486">
        <ele>1568.13</ele>
      </trkpt>
      <trkpt lat="-25.99025398492813" lon="-65.81004998646677">
        <ele>1567.93</ele>
      </trkpt>
      <trkpt lat="-25.990180978551507" lon="-65.81004898063838">
        <ele>1567.74</ele>
      </trkpt>
      <trkpt lat="-25.99012398160994" lon="-65.81005493178964">
        <ele>1567.6</ele>
      </trkpt>
      <trkpt lat="-25.99010394886136" lon="-65.81007898785174">
        <ele>1567.49</ele>
      </trkpt>
      <trkpt lat="-25.990055920556188" lon="-65.81016498617828">
        <ele>1567.41</ele>
      </trkpt>
      <trkpt lat="-25.989980986341834" lon="-65.81027596257627">
        <ele>1567.37</ele>
      </trkpt>
      <trkpt lat="-25.98997595719993" lon="-65.81031695008278">
        <ele>1567.35</ele>
      </trkpt>
      <trkpt lat="-25.989945949986577" lon="-65.81036891788244">
        <ele>1567.36</ele>
      </trkpt>
      <trkpt lat="-25.989922983571887" lon="-65.8103989250958">
        <ele>1567.39</ele>
      </trkpt>
      <trkpt lat="-25.989851988852024" lon="-65.81046396866441">
        <ele>1567.44</ele>
      </trkpt>
      <trkpt lat="-25.989834973588586" lon="-65.81048995256424">
        <ele>1567.51</ele>
      </trkpt>
      <trkpt lat="-25.989838996902108" lon="-65.81049892120063">
        <ele>1567.6</ele>
      </trkpt>
      <trkpt lat="-25.989837991073728" lon="-65.81049498170614">
        <ele>1567.7</ele>
      </trkpt>
      <trkpt lat="-25.989812929183245" lon="-65.81057695671916">
        <ele>1567.84</ele>
      </trkpt>
      <trkpt lat="-25.989789962768555" lon="-65.8106909506023">
        <ele>1568.01</ele>
      </trkpt>
      <trkpt lat="-25.989766996353865" lon="-65.81077795475721">
        <ele>1568.18</ele>
      </trkpt>
      <trkpt lat="-25.989763978868723" lon="-65.81079698167741">
        <ele>1568.34</ele>
      </trkpt>
      <trkpt lat="-25.98973799496889" lon="-65.81088197417557">
        <ele>1568.54</ele>
      </trkpt>
      <trkpt lat="-25.98973397165537" lon="-65.81089496612549">
        <ele>1568.72</ele>
      </trkpt>
      <trkpt lat="-25.989725925028324" lon="-65.81096193753183">
        <ele>1568.92</ele>
      </trkpt>
      <trkpt lat="-25.989702958613634" lon="-65.81103594973683">
        <ele>1569.13</ele>
      </trkpt>
      <trkpt lat="-25.989680998027325" lon="-65.81110392697155">
        <ele>1569.33</ele>
      </trkpt>
      <trkpt lat="-25.989637998864055" lon="-65.81115799024701">
        <ele>1569.53</ele>
      </trkpt>
      <trkpt lat="-25.989625928923488" lon="-65.81120392307639">
        <ele>1569.74</ele>
      </trkpt>
      <trkpt lat="-25.98961092531681" lon="-65.81123895943165">
        <ele>1569.95</ele>
      </trkpt>
      <trkpt lat="-25.989602962508798" lon="-65.8112499397248">
        <ele>1570.16</ele>
      </trkpt>
      <trkpt lat="-25.989549988880754" lon="-65.81133996136487">
        <ele>1570.37</ele>
      </trkpt>
      <trkpt lat="-25.98952299915254" lon="-65.81141095608473">
        <ele>1570.59</ele>
      </trkpt>
      <trkpt lat="-25.98945594392717" lon="-65.81156392581761">
        <ele>1570.82</ele>
      </trkpt>
      <trkpt lat="-25.98939299583435" lon="-65.81170197576284">
        <ele>1571.04</ele>
      </trkpt>
      <trkpt lat="-25.989338932558894" lon="-65.81175796687603">
        <ele>1571.27</ele>
      </trkpt>
      <trkpt lat="-25.98930498585105" lon="-65.81179895438254">
        <ele>1571.49</ele>
      </trkpt>
      <trkpt lat="-25.989270955324173" lon="-65.81186198629439">
        <ele>1571.72</ele>
      </trkpt>
      <trkpt lat="-25.98924497142434" lon="-65.81191395409405">
        <ele>1571.95</ele>
      </trkpt>
      <trkpt lat="-25.98921697586775" lon="-65.81195695325732">
        <ele>1572.17</ele>
      </trkpt>
      <trkpt lat="-25.989191997796297" lon="-65.8120049815625">
        <ele>1572.39</ele>
      </trkpt>
      <trkpt lat="-25.989171965047717" lon="-65.81204999238253">
        <ele>1572.61</ele>
      </trkpt>
      <trkpt lat="-25.98911295644939" lon="-65.81214898265898">
        <ele>1572.84</ele>
      </trkpt>
      <trkpt lat="-25.989097952842712" lon="-65.81216499209404">
        <ele>1573.07</ele>
      </trkpt>
      <trkpt lat="-25.989015977829695" lon="-65.81228099763393">
        <ele>1573.28</ele>
      </trkpt>
      <trkpt lat="-25.988951940089464" lon="-65.8123469632119">
        <ele>1573.54</ele>
      </trkpt>
      <trkpt lat="-25.98887692205608" lon="-65.81242692656815">
        <ele>1573.81</ele>
      </trkpt>
      <trkpt lat="-25.988864935934544" lon="-65.81244394183159">
        <ele>1574.05</ele>
      </trkpt>
      <trkpt lat="-25.988864935934544" lon="-65.81243991851807">
        <ele>1574.29</ele>
      </trkpt>
      <trkpt lat="-25.988864935934544" lon="-65.81244092434645">
        <ele>1574.53</ele>
      </trkpt>
      <trkpt lat="-25.988863930106163" lon="-65.81244193017483">
        <ele>1574.77</ele>
      </trkpt>
      <trkpt lat="-25.988862924277782" lon="-65.81244293600321">
        <ele>1575.01</ele>
      </trkpt>
      <trkpt lat="-25.988838952034712" lon="-65.8124759607017">
        <ele>1575.25</ele>
      </trkpt>
      <trkpt lat="-25.988718923181295" lon="-65.81263194791973">
        <ele>1575.53</ele>
      </trkpt>
      <trkpt lat="-25.98870098590851" lon="-65.81265793181956">
        <ele>1575.78</ele>
      </trkpt>
      <trkpt lat="-25.988573916256428" lon="-65.81280997954309">
        <ele>1576.09</ele>
      </trkpt>
      <trkpt lat="-25.988475931808352" lon="-65.8129249792546">
        <ele>1576.37</ele>
      </trkpt>
      <trkpt lat="-25.988434944301844" lon="-65.81297694705427">
        <ele>1576.61</ele>
      </trkpt>
      <trkpt lat="-25.988414995372295" lon="-65.81298197619617">
        <ele>1576.83</ele>
      </trkpt>
      <trkpt lat="-25.988418934866786" lon="-65.81297996453941">
        <ele>1577.02</ele>
      </trkpt>
      <trkpt lat="-25.988417929038405" lon="-65.81298298202455">
        <ele>1577.22</ele>
      </trkpt>
      <trkpt lat="-25.988417929038405" lon="-65.81298398785293">
        <ele>1577.4</ele>
      </trkpt>
      <trkpt lat="-25.988388927653432" lon="-65.8130269870162">
        <ele>1577.59</ele>
      </trkpt>
      <trkpt lat="-25.988245932385325" lon="-65.81316797062755">
        <ele>1577.78</ele>
      </trkpt>
      <trkpt lat="-25.988154988735914" lon="-65.81325195729733">
        <ele>1577.92</ele>
      </trkpt>
      <trkpt lat="-25.988097991794348" lon="-65.81329897977412">
        <ele>1578.06</ele>
      </trkpt>
      <trkpt lat="-25.98805893212557" lon="-65.81333493813872">
        <ele>1578.2</ele>
      </trkpt>
      <trkpt lat="-25.98801895044744" lon="-65.81338497810066">
        <ele>1578.32</ele>
      </trkpt>
      <trkpt lat="-25.98799891769886" lon="-65.81340593285859">
        <ele>1578.44</ele>
      </trkpt>
      <trkpt lat="-25.987948961555958" lon="-65.81345496699214">
        <ele>1578.56</ele>
      </trkpt>
      <trkpt lat="-25.98791493102908" lon="-65.8134849742055">
        <ele>1578.66</ele>
      </trkpt>
      <trkpt lat="-25.987904956564307" lon="-65.81350198946893">
        <ele>1578.76</ele>
      </trkpt>
      <trkpt lat="-25.987883917987347" lon="-65.81353392452002">
        <ele>1578.87</ele>
      </trkpt>
      <trkpt lat="-25.987874949350953" lon="-65.81354892812669">
        <ele>1578.98</ele>
      </trkpt>
      <trkpt lat="-25.987839996814728" lon="-65.81360994838178">
        <ele>1579.09</ele>
      </trkpt>
      <trkpt lat="-25.98782792687416" lon="-65.81362998113036">
        <ele>1579.2</ele>
      </trkpt>
      <trkpt lat="-25.987776964902878" lon="-65.81369896419346">
        <ele>1579.32</ele>
      </trkpt>
      <trkpt lat="-25.987766990438104" lon="-65.81371195614338">
        <ele>1579.45</ele>
      </trkpt>
      <trkpt lat="-25.987748969346285" lon="-65.81373693421483">
        <ele>1579.59</ele>
      </trkpt>
      <trkpt lat="-25.98774092271924" lon="-65.81376392394304">
        <ele>1579.75</ele>
      </trkpt>
      <trkpt lat="-25.987730948254466" lon="-65.81378697417676">
        <ele>1579.92</ele>
      </trkpt>
      <trkpt lat="-25.987700941041112" lon="-65.81386492587626">
        <ele>1580.09</ele>
      </trkpt>
      <trkpt lat="-25.987619971856475" lon="-65.813969951123">
        <ele>1580.29</ele>
      </trkpt>
      <trkpt lat="-25.98760798573494" lon="-65.81399794667959">
        <ele>1580.49</ele>
      </trkpt>
      <trkpt lat="-25.987599939107895" lon="-65.81400792114437">
        <ele>1580.71</ele>
      </trkpt>
      <trkpt lat="-25.987540930509567" lon="-65.81405695527792">
        <ele>1580.97</ele>
      </trkpt>
      <trkpt lat="-25.987514946609735" lon="-65.81408293917775">
        <ele>1581.22</ele>
      </trkpt>
      <trkpt lat="-25.987497931346297" lon="-65.81410096026957">
        <ele>1581.48</ele>
      </trkpt>
      <trkpt lat="-25.98747798241675" lon="-65.81412794999778">
        <ele>1581.76</ele>
      </trkpt>
      <trkpt lat="-25.987445963546634" lon="-65.81415393389761">
        <ele>1582.05</ele>
      </trkpt>
      <trkpt lat="-25.9874339774251" lon="-65.8141599688679">
        <ele>1582.34</ele>
      </trkpt>
      <trkpt lat="-25.98731193691492" lon="-65.81421193666756">
        <ele>1582.67</ele>
      </trkpt>
      <trkpt lat="-25.98721898160875" lon="-65.81425493583083">
        <ele>1583.01</ele>
      </trkpt>
      <trkpt lat="-25.987208923324943" lon="-65.81425594165921">
        <ele>1583.35</ele>
      </trkpt>
      <trkpt lat="-25.987106999382377" lon="-65.81427195109427">
        <ele>1583.71</ele>
      </trkpt>
      <trkpt lat="-25.987081937491894" lon="-65.81427094526589">
        <ele>1584.06</ele>
      </trkpt>
      <trkpt lat="-25.987067939713597" lon="-65.81427798606455">
        <ele>1584.43</ele>
      </trkpt>
      <trkpt lat="-25.987062994390726" lon="-65.81428091973066">
        <ele>1584.8</ele>
      </trkpt>
      <trkpt lat="-25.987035920843482" lon="-65.81428293138742">
        <ele>1585.2</ele>
      </trkpt>
      <trkpt lat="-25.98698898218572" lon="-65.81432492472231">
        <ele>1585.61</ele>
      </trkpt>
      <trkpt lat="-25.98687892779708" lon="-65.81439692527056">
        <ele>1586.05</ele>
      </trkpt>
      <trkpt lat="-25.98685797303915" lon="-65.81440698355436">
        <ele>1586.46</ele>
      </trkpt>
      <trkpt lat="-25.986731993034482" lon="-65.81447596661747">
        <ele>1586.91</ele>
      </trkpt>
      <trkpt lat="-25.986635936424136" lon="-65.81452793441713">
        <ele>1587.34</ele>
      </trkpt>
      <trkpt lat="-25.986520936712623" lon="-65.8145899605006">
        <ele>1587.76</ele>
      </trkpt>
      <trkpt lat="-25.98642898723483" lon="-65.81463396549225">
        <ele>1588.18</ele>
      </trkpt>
      <trkpt lat="-25.98634399473667" lon="-65.81469397991896">
        <ele>1588.6</ele>
      </trkpt>
      <trkpt lat="-25.986261935904622" lon="-65.81474594771862">
        <ele>1589.03</ele>
      </trkpt>
      <trkpt lat="-25.986180966719985" lon="-65.8147749491036">
        <ele>1589.45</ele>
      </trkpt>
      <trkpt lat="-25.986161939799786" lon="-65.81478592939675">
        <ele>1589.84</ele>
      </trkpt>
      <trkpt lat="-25.986117934808135" lon="-65.81481392495334">
        <ele>1590.23</ele>
      </trkpt>
      <trkpt lat="-25.986090945079923" lon="-65.81483194604516">
        <ele>1590.61</ele>
      </trkpt>
      <trkpt lat="-25.986059932038188" lon="-65.8148439321667">
        <ele>1590.97</ele>
      </trkpt>
      <trkpt lat="-25.985964965075254" lon="-65.81487695686519">
        <ele>1591.34</ele>
      </trkpt>
      <trkpt lat="-25.9859539847821" lon="-65.81488299183547">
        <ele>1591.67</ele>
      </trkpt>
      <trkpt lat="-25.985940992832184" lon="-65.81489397212863">
        <ele>1591.99</ele>
      </trkpt>
      <trkpt lat="-25.98589095287025" lon="-65.81493194215">
        <ele>1592.3</ele>
      </trkpt>
      <trkpt lat="-25.98587293177843" lon="-65.81494694575667">
        <ele>1592.6</ele>
      </trkpt>
      <trkpt lat="-25.98574393428862" lon="-65.81500897184014">
        <ele>1592.93</ele>
      </trkpt>
      <trkpt lat="-25.985687943175435" lon="-65.81502892076969">
        <ele>1593.23</ele>
      </trkpt>
      <trkpt lat="-25.985666988417506" lon="-65.81503696739674">
        <ele>1593.5</ele>
      </trkpt>
      <trkpt lat="-25.985595993697643" lon="-65.81507191993296">
        <ele>1593.75</ele>
      </trkpt>
      <trkpt lat="-25.98554595373571" lon="-65.81507795490324">
        <ele>1594.0</ele>
      </trkpt>
      <trkpt lat="-25.9854359831661" lon="-65.81510997377336">
        <ele>1594.24</ele>
      </trkpt>
      <trkpt lat="-25.985301956534386" lon="-65.81518096849322">
        <ele>1594.48</ele>
      </trkpt>
      <trkpt lat="-25.985256945714355" lon="-65.81519999541342">
        <ele>1594.71</ele>
      </trkpt>
      <trkpt lat="-25.985233979299664" lon="-65.81520896404982">
        <ele>1594.93</ele>
      </trkpt>
      <trkpt lat="-25.98513498902321" lon="-65.81524894572794">
        <ele>1595.15</ele>
      </trkpt>
      <trkpt lat="-25.985111938789487" lon="-65.81525799818337">
        <ele>1595.37</ele>
      </trkpt>
      <trkpt lat="-25.985089978203177" lon="-65.81526797264814">
        <ele>1595.59</ele>
      </trkpt>
      <trkpt lat="-25.98507195711136" lon="-65.81527593545616">
        <ele>1595.8</ele>
      </trkpt>
      <trkpt lat="-25.984984952956438" lon="-65.81533192656934">
        <ele>1596.04</ele>
      </trkpt>
      <trkpt lat="-25.98496994934976" lon="-65.81534592434764">
        <ele>1596.26</ele>
      </trkpt>
      <trkpt lat="-25.98494798876345" lon="-65.8153619337827">
        <ele>1596.48</ele>
      </trkpt>
      <trkpt lat="-25.98492099903524" lon="-65.81537693738937">
        <ele>1596.7</ele>
      </trkpt>
      <trkpt lat="-25.984822930768132" lon="-65.81541893072426">
        <ele>1596.93</ele>
      </trkpt>
      <trkpt lat="-25.98472997546196" lon="-65.81546997651458">
        <ele>1597.17</ele>
      </trkpt>
      <trkpt lat="-25.984656969085336" lon="-65.81551096402109">
        <ele>1597.4</ele>
      </trkpt>
      <trkpt lat="-25.984596954658628" lon="-65.81554893404245">
        <ele>1597.64</ele>
      </trkpt>
      <trkpt lat="-25.98453694023192" lon="-65.81558992154896">
        <ele>1597.89</ele>
      </trkpt>
      <trkpt lat="-25.984501987695694" lon="-65.81562495790422">
        <ele>1598.13</ele>
      </trkpt>
      <trkpt lat="-25.984422946348786" lon="-65.81566695123911">
        <ele>1598.39</ele>
      </trkpt>
      <trkpt lat="-25.984396962448955" lon="-65.81568195484579">
        <ele>1598.63</ele>
      </trkpt>
      <trkpt lat="-25.98436393775046" lon="-65.81570995040238">
        <ele>1598.87</ele>
      </trkpt>
      <trkpt lat="-25.984334936365485" lon="-65.81573291681707">
        <ele>1599.12</ele>
      </trkpt>
      <trkpt lat="-25.98432295024395" lon="-65.81573694013059">
        <ele>1599.36</ele>
      </trkpt>
      <trkpt lat="-25.984314987435937" lon="-65.81574297510087">
        <ele>1599.6</ele>
      </trkpt>
      <trkpt lat="-25.984248938038945" lon="-65.81577499397099">
        <ele>1599.88</ele>
      </trkpt>
      <trkpt lat="-25.98412798717618" lon="-65.81582495011389">
        <ele>1600.18</ele>
      </trkpt>
      <trkpt lat="-25.984099991619587" lon="-65.81583894789219">
        <ele>1600.42</ele>
      </trkpt>
      <trkpt lat="-25.984094962477684" lon="-65.81583693623543">
        <ele>1600.65</ele>
      </trkpt>
      <trkpt lat="-25.98404299467802" lon="-65.81589099951088">
        <ele>1600.89</ele>
      </trkpt>
      <trkpt lat="-25.984016926959157" lon="-65.81591497175395">
        <ele>1601.11</ele>
      </trkpt>
      <trkpt lat="-25.98397996276617" lon="-65.81595696508884">
        <ele>1601.33</ele>
      </trkpt>
      <trkpt lat="-25.983897987753153" lon="-65.81605193205178">
        <ele>1601.54</ele>
      </trkpt>
      <trkpt lat="-25.983881978318095" lon="-65.81606592983007">
        <ele>1601.74</ele>
      </trkpt>
      <trkpt lat="-25.983793968334794" lon="-65.81611496396363">
        <ele>1601.94</ele>
      </trkpt>
      <trkpt lat="-25.983753986656666" lon="-65.81614295952022">
        <ele>1602.13</ele>
      </trkpt>
      <trkpt lat="-25.983714926987886" lon="-65.81617799587548">
        <ele>1602.31</ele>
      </trkpt>
      <trkpt lat="-25.983683997765183" lon="-65.81619794480503">
        <ele>1602.49</ele>
      </trkpt>
      <trkpt lat="-25.983585929498076" lon="-65.81628595478833">
        <ele>1602.66</ele>
      </trkpt>
      <trkpt lat="-25.983533961698413" lon="-65.8163479808718">
        <ele>1602.84</ele>
      </trkpt>
      <trkpt lat="-25.98344293422997" lon="-65.8164359908551">
        <ele>1603.03</ele>
      </trkpt>
      <trkpt lat="-25.983412927016616" lon="-65.8164769783616">
        <ele>1603.22</ele>
      </trkpt>
      <trkpt lat="-25.983330952003598" lon="-65.81657295115292">
        <ele>1603.41</ele>
      </trkpt>
      <trkpt lat="-25.98331091925502" lon="-65.81659499555826">
        <ele>1603.6</ele>
      </trkpt>
      <trkpt lat="-25.983280995860696" lon="-65.81663799472153">
        <ele>1603.79</ele>
      </trkpt>
      <trkpt lat="-25.98320698365569" lon="-65.81671695224941">
        <ele>1604.0</ele>
      </trkpt>
      <trkpt lat="-25.98318393342197" lon="-65.81676095724106">
        <ele>1604.19</ele>
      </trkpt>
      <trkpt lat="-25.98316297866404" lon="-65.81681292504072">
        <ele>1604.41</ele>
      </trkpt>
      <trkpt lat="-25.98311997950077" lon="-65.81692398525774">
        <ele>1604.65</ele>
      </trkpt>
      <trkpt lat="-25.983092989772558" lon="-65.81698299385607">
        <ele>1604.86</ele>
      </trkpt>
      <trkpt lat="-25.98307396285236" lon="-65.81702699884772">
        <ele>1605.06</ele>
      </trkpt>
      <trkpt lat="-25.98301596008241" lon="-65.81714794971049">
        <ele>1605.28</ele>
      </trkpt>
      <trkpt lat="-25.982997938990593" lon="-65.8171749394387">
        <ele>1605.48</ele>
      </trkpt>
      <trkpt lat="-25.982965920120478" lon="-65.81726395525038">
        <ele>1605.71</ele>
      </trkpt>
      <trkpt lat="-25.98294999450445" lon="-65.81730091944337">
        <ele>1605.9</ele>
      </trkpt>
      <trkpt lat="-25.98290297202766" lon="-65.81734391860664">
        <ele>1606.09</ele>
      </trkpt>
      <trkpt lat="-25.982891991734505" lon="-65.81735397689044">
        <ele>1606.26</ele>
      </trkpt>
      <trkpt lat="-25.982802975922823" lon="-65.81742698326707">
        <ele>1606.42</ele>
      </trkpt>
      <trkpt lat="-25.982761988416314" lon="-65.8174619358033">
        <ele>1606.58</ele>
      </trkpt>
      <trkpt lat="-25.982674984261394" lon="-65.81758498214185">
        <ele>1606.76</ele>
      </trkpt>
      <trkpt lat="-25.98266794346273" lon="-65.81770199351013">
        <ele>1606.91</ele>
      </trkpt>
      <trkpt lat="-25.98264598287642" lon="-65.81775496713817">
        <ele>1607.08</ele>
      </trkpt>
      <trkpt lat="-25.98258093930781" lon="-65.81789494492114">
        <ele>1607.24</ele>
      </trkpt>
      <trkpt lat="-25.98256492987275" lon="-65.8180819451809">
        <ele>1607.36</ele>
      </trkpt>
      <trkpt lat="-25.982511956244707" lon="-65.81818596459925">
        <ele>1607.56</ele>
      </trkpt>
      <trkpt lat="-25.98249594680965" lon="-65.81822795793414">
        <ele>1607.75</ele>
      </trkpt>
      <trkpt lat="-25.98243098706007" lon="-65.81840297207236">
        <ele>1607.92</ele>
      </trkpt>
      <trkpt lat="-25.982370972633362" lon="-65.81860296428204">
        <ele>1608.18</ele>
      </trkpt>
      <trkpt lat="-25.982378935441375" lon="-65.81873891875148">
        <ele>1608.41</ele>
      </trkpt>
      <trkpt lat="-25.982317999005318" lon="-65.81891695037484">
        <ele>1608.66</ele>
      </trkpt>
      <trkpt lat="-25.98228396847844" lon="-65.81902298144996">
        <ele>1608.92</ele>
      </trkpt>
      <trkpt lat="-25.982183972373605" lon="-65.81921199336648">
        <ele>1609.19</ele>
      </trkpt>
      <trkpt lat="-25.982167962938547" lon="-65.81923093646765">
        <ele>1609.44</ele>
      </trkpt>
      <trkpt lat="-25.9820219501853" lon="-65.81935297697783">
        <ele>1609.75</ele>
      </trkpt>
      <trkpt lat="-25.98199998959899" lon="-65.81937493756413">
        <ele>1610.01</ele>
      </trkpt>
      <trkpt lat="-25.981865962967277" lon="-65.81954391673207">
        <ele>1610.3</ele>
      </trkpt>
      <trkpt lat="-25.981846936047077" lon="-65.81956394948065">
        <ele>1610.56</ele>
      </trkpt>
      <trkpt lat="-25.98170092329383" lon="-65.8197189308703">
        <ele>1610.91</ele>
      </trkpt>
      <trkpt lat="-25.981662953272462" lon="-65.81976997666061">
        <ele>1611.17</ele>
      </trkpt>
      <trkpt lat="-25.981649961322546" lon="-65.81979696638882">
        <ele>1611.42</ele>
      </trkpt>
      <trkpt lat="-25.981580978259444" lon="-65.81999394111335">
        <ele>1611.67</ele>
      </trkpt>
      <trkpt lat="-25.98156899213791" lon="-65.82005496136844">
        <ele>1611.9</ele>
      </trkpt>
      <trkpt lat="-25.98150596022606" lon="-65.82027196884155">
        <ele>1612.12</ele>
      </trkpt>
      <trkpt lat="-25.981475953012705" lon="-65.82033793441951">
        <ele>1612.34</ele>
      </trkpt>
      <trkpt lat="-25.98135994747281" lon="-65.82050791941583">
        <ele>1612.58</ele>
      </trkpt>
      <trkpt lat="-25.981215946376324" lon="-65.82066097296774">
        <ele>1612.86</ele>
      </trkpt>
      <trkpt lat="-25.981152998283505" lon="-65.82080597989261">
        <ele>1613.06</ele>
      </trkpt>
      <trkpt lat="-25.98116498440504" lon="-65.82098199985921">
        <ele>1613.22</ele>
      </trkpt>
      <trkpt lat="-25.981090972200036" lon="-65.82114494405687">
        <ele>1613.41</ele>
      </trkpt>
      <trkpt lat="-25.98098997026682" lon="-65.82127092406154">
        <ele>1613.61</ele>
      </trkpt>
      <trkpt lat="-25.980932973325253" lon="-65.8214679826051">
        <ele>1613.77</ele>
      </trkpt>
      <trkpt lat="-25.980923920869827" lon="-65.82153294235468">
        <ele>1613.95</ele>
      </trkpt>
      <trkpt lat="-25.980875976383686" lon="-65.82173494622111">
        <ele>1614.15</ele>
      </trkpt>
      <trkpt lat="-25.980870947241783" lon="-65.8217909373343">
        <ele>1614.33</ele>
      </trkpt>
      <trkpt lat="-25.98088695667684" lon="-65.82193192094564">
        <ele>1614.52</ele>
      </trkpt>
      <trkpt lat="-25.9808199852705" lon="-65.8221239503473">
        <ele>1614.73</ele>
      </trkpt>
      <trkpt lat="-25.980719989165664" lon="-65.82231195643544">
        <ele>1614.88</ele>
      </trkpt>
      <trkpt lat="-25.980613958090544" lon="-65.8224899880588">
        <ele>1615.03</ele>
      </trkpt>
      <trkpt lat="-25.980520835146308" lon="-65.82282149232924">
        <ele>1615.22</ele>
      </trkpt>
      <trkpt lat="-25.980427712202072" lon="-65.82315299659967">
        <ele>1615.36</ele>
      </trkpt>
      <trkpt lat="-25.980334505438805" lon="-65.82348450087011">
        <ele>1615.52</ele>
      </trkpt>
      <trkpt lat="-25.98024138249457" lon="-65.82381600514054">
        <ele>1615.74</ele>
      </trkpt>
      <trkpt lat="-25.980148259550333" lon="-65.82414750941098">
        <ele>1615.9</ele>
      </trkpt>
      <trkpt lat="-25.980055136606097" lon="-65.82447901368141">
        <ele>1616.03</ele>
      </trkpt>
      <trkpt lat="-25.97996192984283" lon="-65.82481051795185">
        <ele>1616.16</ele>
      </trkpt>
      <trkpt lat="-25.979868806898594" lon="-65.82514202222228">
        <ele>1616.31</ele>
      </trkpt>
      <trkpt lat="-25.979775683954358" lon="-65.82547352649271">
        <ele>1616.48</ele>
      </trkpt>
      <trkpt lat="-25.979682561010122" lon="-65.82580494694412">
        <ele>1616.67</ele>
      </trkpt>
      <trkpt lat="-25.979589354246855" lon="-65.82613645121455">
        <ele>1616.85</ele>
      </trkpt>
      <trkpt lat="-25.97949623130262" lon="-65.82646795548499">
        <ele>1617.04</ele>
      </trkpt>
      <trkpt lat="-25.979403108358383" lon="-65.82679945975542">
        <ele>1617.18</ele>
      </trkpt>
      <trkpt lat="-25.979309985414147" lon="-65.82713096402586">
        <ele>1617.34</ele>
      </trkpt>
      <trkpt lat="-25.97921677865088" lon="-65.82746246829629">
        <ele>1617.54</ele>
      </trkpt>
      <trkpt lat="-25.979123655706644" lon="-65.82779397256672">
        <ele>1617.77</ele>
      </trkpt>
      <trkpt lat="-25.97903053276241" lon="-65.82812547683716">
        <ele>1617.94</ele>
      </trkpt>
      <trkpt lat="-25.978938918560743" lon="-65.82845094613731">
        <ele>1618.14</ele>
      </trkpt>
      <trkpt lat="-25.978939924389124" lon="-65.82845094613731">
        <ele>1618.3</ele>
      </trkpt>
      <trkpt lat="-25.978939924389124" lon="-65.82844994030893">
        <ele>1618.45</ele>
      </trkpt>
      <trkpt lat="-25.978939924389124" lon="-65.82845094613731">
        <ele>1618.3</ele>
      </trkpt>
      <trkpt lat="-25.978895919397473" lon="-65.8285169955343">
        <ele>1618.73</ele>
      </trkpt>
      <trkpt lat="-25.978797934949398" lon="-65.82868496887386">
        <ele>1618.88</ele>
      </trkpt>
      <trkpt lat="-25.978767927736044" lon="-65.82872897386551">
        <ele>1619.01</ele>
      </trkpt>
      <trkpt lat="-25.978681929409504" lon="-65.82886199466884">
        <ele>1619.17</ele>
      </trkpt>
      <trkpt lat="-25.978660974651575" lon="-65.82890692166984">
        <ele>1619.3</ele>
      </trkpt>
      <trkpt lat="-25.978582939133048" lon="-65.82910498604178">
        <ele>1619.42</ele>
      </trkpt>
      <trkpt lat="-25.978572964668274" lon="-65.82913298159838">
        <ele>1619.53</ele>
      </trkpt>
      <trkpt lat="-25.978528959676623" lon="-65.82934596575797">
        <ele>1619.61</ele>
      </trkpt>
      <trkpt lat="-25.97847799770534" lon="-65.82950295880437">
        <ele>1619.7</ele>
      </trkpt>
      <trkpt lat="-25.978449918329716" lon="-65.82957495935261">
        <ele>1619.79</ele>
      </trkpt>
      <trkpt lat="-25.97839493304491" lon="-65.82975399680436">
        <ele>1619.87</ele>
      </trkpt>
      <trkpt lat="-25.97837096080184" lon="-65.82988198846579">
        <ele>1619.95</ele>
      </trkpt>
      <trkpt lat="-25.978324944153428" lon="-65.83000998012722">
        <ele>1620.05</ele>
      </trkpt>
      <trkpt lat="-25.978297954425216" lon="-65.83020896650851">
        <ele>1620.13</ele>
      </trkpt>
      <trkpt lat="-25.978295942768455" lon="-65.8302369620651">
        <ele>1620.21</ele>
      </trkpt>
      <trkpt lat="-25.978252943605185" lon="-65.83039596676826">
        <ele>1620.32</ele>
      </trkpt>
      <trkpt lat="-25.978188989683986" lon="-65.8306029997766">
        <ele>1620.41</ele>
      </trkpt>
      <trkpt lat="-25.97818094305694" lon="-65.83063694648445">
        <ele>1620.46</ele>
      </trkpt>
      <trkpt lat="-25.978145990520716" lon="-65.83083995617926">
        <ele>1620.47</ele>
      </trkpt>
      <trkpt lat="-25.97813894972205" lon="-65.8308759983629">
        <ele>1620.51</ele>
      </trkpt>
      <trkpt lat="-25.978127969428897" lon="-65.8309349231422">
        <ele>1620.54</ele>
      </trkpt>
      <trkpt lat="-25.978099973872304" lon="-65.8311019744724">
        <ele>1620.54</ele>
      </trkpt>
      <trkpt lat="-25.978066949173808" lon="-65.8313009608537">
        <ele>1620.54</ele>
      </trkpt>
      <trkpt lat="-25.97802797332406" lon="-65.83150195889175">
        <ele>1620.56</ele>
      </trkpt>
      <trkpt lat="-25.977979945018888" lon="-65.83167596720159">
        <ele>1620.58</ele>
      </trkpt>
      <trkpt lat="-25.977909956127405" lon="-65.83186296746135">
        <ele>1620.61</ele>
      </trkpt>
      <trkpt lat="-25.97789998166263" lon="-65.83192197605968">
        <ele>1620.61</ele>
      </trkpt>
      <trkpt lat="-25.97783795557916" lon="-65.83211593329906">
        <ele>1620.6</ele>
      </trkpt>
      <trkpt lat="-25.977823957800865" lon="-65.83215096965432">
        <ele>1620.59</ele>
      </trkpt>
      <trkpt lat="-25.977763943374157" lon="-65.83236194215715">
        <ele>1620.55</ele>
      </trkpt>
      <trkpt lat="-25.977755980566144" lon="-65.83239496685565">
        <ele>1620.52</ele>
      </trkpt>
      <trkpt lat="-25.977701917290688" lon="-65.83260694518685">
        <ele>1620.5</ele>
      </trkpt>
      <trkpt lat="-25.97766394726932" lon="-65.83278799429536">
        <ele>1620.43</ele>
      </trkpt>
      <trkpt lat="-25.977632934227586" lon="-65.83288195542991">
        <ele>1620.37</ele>
      </trkpt>
      <trkpt lat="-25.977631928399205" lon="-65.8329049218446">
        <ele>1620.31</ele>
      </trkpt>
      <trkpt lat="-25.977603932842612" lon="-65.83302495069802">
        <ele>1620.24</ele>
      </trkpt>
      <trkpt lat="-25.977560933679342" lon="-65.83322594873607">
        <ele>1620.16</ele>
      </trkpt>
      <trkpt lat="-25.97755297087133" lon="-65.83325595594943">
        <ele>1620.07</ele>
      </trkpt>
      <trkpt lat="-25.977497985586524" lon="-65.83341294899583">
        <ele>1619.97</ele>
      </trkpt>
      <trkpt lat="-25.97742891870439" lon="-65.83361394703388">
        <ele>1619.84</ele>
      </trkpt>
      <trkpt lat="-25.977419950067997" lon="-65.83363791927695">
        <ele>1619.72</ele>
      </trkpt>
      <trkpt lat="-25.977368988096714" lon="-65.83384294062853">
        <ele>1619.59</ele>
      </trkpt>
      <trkpt lat="-25.97736395895481" lon="-65.83387093618512">
        <ele>1619.43</ele>
      </trkpt>
      <trkpt lat="-25.977302938699722" lon="-65.83406397141516">
        <ele>1619.27</ele>
      </trkpt>
      <trkpt lat="-25.9772159345448" lon="-65.83424896001816">
        <ele>1619.08</ele>
      </trkpt>
      <trkpt lat="-25.977155920118093" lon="-65.83444098941982">
        <ele>1618.86</ele>
      </trkpt>
      <trkpt lat="-25.97714795731008" lon="-65.83446596749127">
        <ele>1618.65</ele>
      </trkpt>
      <trkpt lat="-25.977066988125443" lon="-65.83465196192265">
        <ele>1618.41</ele>
      </trkpt>
      <trkpt lat="-25.977023988962173" lon="-65.83484298549592">
        <ele>1618.13</ele>
      </trkpt>
      <trkpt lat="-25.97701795399189" lon="-65.83504197187722">
        <ele>1617.86</ele>
      </trkpt>
      <trkpt lat="-25.97699792124331" lon="-65.83524799905717">
        <ele>1617.54</ele>
      </trkpt>
      <trkpt lat="-25.97691292874515" lon="-65.83544799126685">
        <ele>1617.21</ele>
      </trkpt>
      <trkpt lat="-25.976849980652332" lon="-65.83564295433462">
        <ele>1616.86</ele>
      </trkpt>
      <trkpt lat="-25.97682793624699" lon="-65.83572492934763">
        <ele>1616.5</ele>
      </trkpt>
      <trkpt lat="-25.976763982325792" lon="-65.83586398512125">
        <ele>1616.12</ele>
      </trkpt>
      <trkpt lat="-25.976743949577212" lon="-65.83591997623444">
        <ele>1615.76</ele>
      </trkpt>
      <trkpt lat="-25.97669198177755" lon="-65.83608694374561">
        <ele>1615.39</ele>
      </trkpt>
      <trkpt lat="-25.97661193460226" lon="-65.83622398786247">
        <ele>1615.03</ele>
      </trkpt>
      <trkpt lat="-25.97657094709575" lon="-65.8363049570471">
        <ele>1614.65</ele>
      </trkpt>
      <trkpt lat="-25.976516967639327" lon="-65.83646496757865">
        <ele>1614.24</ele>
      </trkpt>
      <trkpt lat="-25.976442955434322" lon="-65.83665699698031">
        <ele>1613.85</ele>
      </trkpt>
      <trkpt lat="-25.976423928514123" lon="-65.83672195672989">
        <ele>1613.44</ele>
      </trkpt>
      <trkpt lat="-25.976361986249685" lon="-65.83692295476794">
        <ele>1613.01</ele>
      </trkpt>
      <trkpt lat="-25.97630398347974" lon="-65.83707097917795">
        <ele>1612.57</ele>
      </trkpt>
      <trkpt lat="-25.976253943517804" lon="-65.83727893419564">
        <ele>1612.08</ele>
      </trkpt>
      <trkpt lat="-25.97617498598993" lon="-65.83743995055556">
        <ele>1611.62</ele>
      </trkpt>
      <trkpt lat="-25.976130980998278" lon="-65.83760993555188">
        <ele>1611.13</ele>
      </trkpt>
      <trkpt lat="-25.976081946864724" lon="-65.83780297078192">
        <ele>1610.64</ele>
      </trkpt>
      <trkpt lat="-25.976075995713472" lon="-65.83783892914653">
        <ele>1610.21</ele>
      </trkpt>
      <trkpt lat="-25.976023944094777" lon="-65.83795392885804">
        <ele>1609.77</ele>
      </trkpt>
      <trkpt lat="-25.975995948538184" lon="-65.83799893967807">
        <ele>1609.34</ele>
      </trkpt>
      <trkpt lat="-25.97596493549645" lon="-65.83809499628842">
        <ele>1608.91</ele>
      </trkpt>
      <trkpt lat="-25.97596099600196" lon="-65.83811896853149">
        <ele>1608.51</ele>
      </trkpt>
      <trkpt lat="-25.975926965475082" lon="-65.83832097239792">
        <ele>1608.12</ele>
      </trkpt>
      <trkpt lat="-25.975905926898122" lon="-65.83854191936553">
        <ele>1607.69</ele>
      </trkpt>
      <trkpt lat="-25.97590098157525" lon="-65.8387469407171">
        <ele>1607.28</ele>
      </trkpt>
      <trkpt lat="-25.97589695826173" lon="-65.83884794265032">
        <ele>1606.91</ele>
      </trkpt>
      <trkpt lat="-25.97583099268377" lon="-65.83906796760857">
        <ele>1606.51</ele>
      </trkpt>
      <trkpt lat="-25.975801991298795" lon="-65.83922596648335">
        <ele>1606.14</ele>
      </trkpt>
      <trkpt lat="-25.9757689666003" lon="-65.83942092955112">
        <ele>1605.75</ele>
      </trkpt>
      <trkpt lat="-25.975734936073422" lon="-65.83962695673108">
        <ele>1605.38</ele>
      </trkpt>
      <trkpt lat="-25.975710963830352" lon="-65.83968596532941">
        <ele>1605.03</ele>
      </trkpt>
      <trkpt lat="-25.975594958290458" lon="-65.83985896781087">
        <ele>1604.67</ele>
      </trkpt>
      <trkpt lat="-25.9755789488554" lon="-65.83988897502422">
        <ele>1604.36</ele>
      </trkpt>
      <trkpt lat="-25.975498985499144" lon="-65.84007396362722">
        <ele>1604.04</ele>
      </trkpt>
      <trkpt lat="-25.975452968850732" lon="-65.84017898887396">
        <ele>1603.74</ele>
      </trkpt>
      <trkpt lat="-25.975436959415674" lon="-65.84033195860684">
        <ele>1603.42</ele>
      </trkpt>
      <trkpt lat="-25.975419944152236" lon="-65.84040395915508">
        <ele>1603.12</ele>
      </trkpt>
      <trkpt lat="-25.975326988846064" lon="-65.840601939708">
        <ele>1602.86</ele>
      </trkpt>
      <trkpt lat="-25.975312991067767" lon="-65.84063295274973">
        <ele>1602.57</ele>
      </trkpt>
      <trkpt lat="-25.975220957770944" lon="-65.84083093330264">
        <ele>1602.28</ele>
      </trkpt>
      <trkpt lat="-25.97520997747779" lon="-65.8408659696579">
        <ele>1601.97</ele>
      </trkpt>
      <trkpt lat="-25.97514795139432" lon="-65.84107392467558">
        <ele>1601.64</ele>
      </trkpt>
      <trkpt lat="-25.975114926695824" lon="-65.84114994853735">
        <ele>1601.31</ele>
      </trkpt>
      <trkpt lat="-25.975031945854425" lon="-65.84136092104018">
        <ele>1600.94</ele>
      </trkpt>
      <trkpt lat="-25.975024988874793" lon="-65.84139193408191">
        <ele>1600.6</ele>
      </trkpt>
      <trkpt lat="-25.97495793364942" lon="-65.84158295765519">
        <ele>1600.21</ele>
      </trkpt>
      <trkpt lat="-25.974938990548253" lon="-65.84164498373866">
        <ele>1599.85</ele>
      </trkpt>
      <trkpt lat="-25.97493194974959" lon="-65.84166996181011">
        <ele>1599.48</ele>
      </trkpt>
      <trkpt lat="-25.974884927272797" lon="-65.84186593070626">
        <ele>1599.08</ele>
      </trkpt>
      <trkpt lat="-25.974874952808022" lon="-65.841896943748">
        <ele>1598.67</ele>
      </trkpt>
      <trkpt lat="-25.97477898001671" lon="-65.84207899868488">
        <ele>1598.24</ele>
      </trkpt>
      <trkpt lat="-25.97477998584509" lon="-65.84211093373597">
        <ele>1597.78</ele>
      </trkpt>
      <trkpt lat="-25.974777974188328" lon="-65.84229994565248">
        <ele>1597.27</ele>
      </trkpt>
      <trkpt lat="-25.974710918962955" lon="-65.84240798838437">
        <ele>1596.73</ele>
      </trkpt>
      <trkpt lat="-25.974661968648434" lon="-65.8424669969827">
        <ele>1596.2</ele>
      </trkpt>
      <trkpt lat="-25.974679989740252" lon="-65.84251795895398">
        <ele>1595.64</ele>
      </trkpt>
      <trkpt lat="-25.97469398751855" lon="-65.84255098365247">
        <ele>1595.06</ele>
      </trkpt>
      <trkpt lat="-25.97471594810486" lon="-65.84262994118035">
        <ele>1594.44</ele>
      </trkpt>
      <trkpt lat="-25.974709996953607" lon="-65.84271895699203">
        <ele>1593.78</ele>
      </trkpt>
      <trkpt lat="-25.97469398751855" lon="-65.84284191951156">
        <ele>1593.07</ele>
      </trkpt>
      <trkpt lat="-25.97471896559" lon="-65.84294099360704">
        <ele>1592.38</ele>
      </trkpt>
      <trkpt lat="-25.974723994731903" lon="-65.8430539816618">
        <ele>1591.69</ele>
      </trkpt>
      <trkpt lat="-25.974755929782987" lon="-65.84320292808115">
        <ele>1590.98</ele>
      </trkpt>
      <trkpt lat="-25.97474293783307" lon="-65.84335899911821">
        <ele>1590.25</ele>
      </trkpt>
      <trkpt lat="-25.974746961146593" lon="-65.84352898411453">
        <ele>1589.49</ele>
      </trkpt>
      <trkpt lat="-25.974750984460115" lon="-65.84355597384274">
        <ele>1588.79</ele>
      </trkpt>
      <trkpt lat="-25.97474394366145" lon="-65.84376099519432">
        <ele>1588.06</ele>
      </trkpt>
      <trkpt lat="-25.974777974188328" lon="-65.84394698962569">
        <ele>1587.32</ele>
      </trkpt>
      <trkpt lat="-25.974839916452765" lon="-65.84414698183537">
        <ele>1586.58</ele>
      </trkpt>
      <trkpt lat="-25.974850980564952" lon="-65.84420397877693">
        <ele>1585.9</ele>
      </trkpt>
      <trkpt lat="-25.974883921444416" lon="-65.84441897459328">
        <ele>1585.25</ele>
      </trkpt>
      <trkpt lat="-25.974885933101177" lon="-65.84453095681965">
        <ele>1584.63</ele>
      </trkpt>
      <trkpt lat="-25.97493396140635" lon="-65.8446169551462">
        <ele>1583.98</ele>
      </trkpt>
      <trkpt lat="-25.975015936419368" lon="-65.84476799704134">
        <ele>1583.34</ele>
      </trkpt>
      <trkpt lat="-25.974982995539904" lon="-65.84493194706738">
        <ele>1582.7</ele>
      </trkpt>
      <trkpt lat="-25.97499992698431" lon="-65.84506798535585">
        <ele>1582.05</ele>
      </trkpt>
      <trkpt lat="-25.974983917549253" lon="-65.84514895454049">
        <ele>1581.45</ele>
      </trkpt>
      <trkpt lat="-25.974963968619704" lon="-65.84516395814717">
        <ele>1580.89</ele>
      </trkpt>
      <trkpt lat="-25.97487294115126" lon="-65.84531198255718">
        <ele>1580.3</ele>
      </trkpt>
      <trkpt lat="-25.974832959473133" lon="-65.84546595811844">
        <ele>1579.71</ele>
      </trkpt>
      <trkpt lat="-25.974863972514868" lon="-65.84568095393479">
        <ele>1579.14</ele>
      </trkpt>
      <trkpt lat="-25.97487193532288" lon="-65.8458289783448">
        <ele>1578.65</ele>
      </trkpt>
      <trkpt lat="-25.974873946979642" lon="-65.84592595696449">
        <ele>1578.19</ele>
      </trkpt>
      <trkpt lat="-25.974863972514868" lon="-65.84606593474746">
        <ele>1577.71</ele>
      </trkpt>
      <trkpt lat="-25.97486598417163" lon="-65.84620499052107">
        <ele>1577.27</ele>
      </trkpt>
      <trkpt lat="-25.97486497834325" lon="-65.84631999023259">
        <ele>1576.84</ele>
      </trkpt>
      <trkpt lat="-25.974860955029726" lon="-65.84637396968901">
        <ele>1576.45</ele>
      </trkpt>
      <trkpt lat="-25.974860955029726" lon="-65.84641696885228">
        <ele>1576.09</ele>
      </trkpt>
      <trkpt lat="-25.974863972514868" lon="-65.8464899752289">
        <ele>1575.74</ele>
      </trkpt>
      <trkpt lat="-25.974861960858107" lon="-65.84659491665661">
        <ele>1575.41</ele>
      </trkpt>
      <trkpt lat="-25.974861960858107" lon="-65.84668493829668">
        <ele>1575.1</ele>
      </trkpt>
      <trkpt lat="-25.974859949201345" lon="-65.84678895771503">
        <ele>1574.82</ele>
      </trkpt>
      <trkpt lat="-25.974859949201345" lon="-65.84680697880685">
        <ele>1574.57</ele>
      </trkpt>
      <trkpt lat="-25.974857937544584" lon="-65.84691795520484">
        <ele>1574.32</ele>
      </trkpt>
      <trkpt lat="-25.974857937544584" lon="-65.84693195298314">
        <ele>1574.11</ele>
      </trkpt>
      <trkpt lat="-25.974851986393332" lon="-65.84710093215108">
        <ele>1573.88</ele>
      </trkpt>
      <trkpt lat="-25.97484494559467" lon="-65.84716899320483">
        <ele>1573.69</ele>
      </trkpt>
      <trkpt lat="-25.974755929782987" lon="-65.84721995517612">
        <ele>1573.51</ele>
      </trkpt>
      <trkpt lat="-25.974559960886836" lon="-65.8472209610045">
        <ele>1573.37</ele>
      </trkpt>
      <trkpt lat="-25.97446298226714" lon="-65.84724593907595">
        <ele>1573.26</ele>
      </trkpt>
      <trkpt lat="-25.974314957857132" lon="-65.84732699207962">
        <ele>1573.15</ele>
      </trkpt>
      <trkpt lat="-25.974206998944283" lon="-65.84740695543587">
        <ele>1573.08</ele>
      </trkpt>
      <trkpt lat="-25.974084958434105" lon="-65.8475159201771">
        <ele>1573.03</ele>
      </trkpt>
      <trkpt lat="-25.974013963714242" lon="-65.84760594181716">
        <ele>1572.98</ele>
      </trkpt>
      <trkpt lat="-25.973927965387702" lon="-65.84769998677075">
        <ele>1572.95</ele>
      </trkpt>
      <trkpt lat="-25.97392394207418" lon="-65.84775094874203">
        <ele>1572.9</ele>
      </trkpt>
      <trkpt lat="-25.973928971216083" lon="-65.84777894429862">
        <ele>1572.86</ele>
      </trkpt>
      <trkpt lat="-25.97388396039605" lon="-65.84789193235338">
        <ele>1572.81</ele>
      </trkpt>
      <trkpt lat="-25.973853953182697" lon="-65.84796695038676">
        <ele>1572.77</ele>
      </trkpt>
      <trkpt lat="-25.97387893125415" lon="-65.84806392900646">
        <ele>1572.72</ele>
      </trkpt>
      <trkpt lat="-25.973911955952644" lon="-65.84813199006021">
        <ele>1572.68</ele>
      </trkpt>
      <trkpt lat="-25.973915979266167" lon="-65.8481409586966">
        <ele>1572.65</ele>
      </trkpt>
      <trkpt lat="-25.97392193041742" lon="-65.8481459878385">
        <ele>1572.62</ele>
      </trkpt>
      <trkpt lat="-25.973962917923927" lon="-65.8481879811734">
        <ele>1572.58</ele>
      </trkpt>
      <trkpt lat="-25.97403491847217" lon="-65.84827498532832">
        <ele>1572.54</ele>
      </trkpt>
      <trkpt lat="-25.97411697730422" lon="-65.84837699308991">
        <ele>1572.49</ele>
      </trkpt>
      <trkpt lat="-25.97418394871056" lon="-65.84847497753799">
        <ele>1572.45</ele>
      </trkpt>
      <trkpt lat="-25.97424396313727" lon="-65.84859995171428">
        <ele>1572.43</ele>
      </trkpt>
      <trkpt lat="-25.974283944815397" lon="-65.84871796891093">
        <ele>1572.39</ele>
      </trkpt>
      <trkpt lat="-25.97433197312057" lon="-65.84878996945918">
        <ele>1572.32</ele>
      </trkpt>
      <trkpt lat="-25.97433398477733" lon="-65.8487939927727">
        <ele>1572.26</ele>
      </trkpt>
      <trkpt lat="-25.974343959242105" lon="-65.84880899637938">
        <ele>1572.19</ele>
      </trkpt>
      <trkpt lat="-25.97437991760671" lon="-65.84888099692762">
        <ele>1572.1</ele>
      </trkpt>
      <trkpt lat="-25.974432975053787" lon="-65.84893296472728">
        <ele>1572.0</ele>
      </trkpt>
      <trkpt lat="-25.974444961175323" lon="-65.84895693697035">
        <ele>1571.91</ele>
      </trkpt>
      <trkpt lat="-25.974472956731915" lon="-65.84898895584047">
        <ele>1571.8</ele>
      </trkpt>
      <trkpt lat="-25.974514950066805" lon="-65.84904092364013">
        <ele>1571.68</ele>
      </trkpt>
      <trkpt lat="-25.974539928138256" lon="-65.84907294251025">
        <ele>1571.56</ele>
      </trkpt>
      <trkpt lat="-25.974573958665133" lon="-65.84911292418838">
        <ele>1571.43</ele>
      </trkpt>
      <trkpt lat="-25.97462994977832" lon="-65.84922691807151">
        <ele>1571.27</ele>
      </trkpt>
      <trkpt lat="-25.97465693950653" lon="-65.84925197996199">
        <ele>1571.12</ele>
      </trkpt>
      <trkpt lat="-25.97467294894159" lon="-65.84927092306316">
        <ele>1570.97</ele>
      </trkpt>
      <trkpt lat="-25.974691975861788" lon="-65.84928592666984">
        <ele>1570.82</ele>
      </trkpt>
      <trkpt lat="-25.974711924791336" lon="-65.84930797107518">
        <ele>1570.66</ele>
      </trkpt>
      <trkpt lat="-25.97474193200469" lon="-65.84935599938035">
        <ele>1570.48</ele>
      </trkpt>
      <trkpt lat="-25.974746961146593" lon="-65.84937293082476">
        <ele>1570.32</ele>
      </trkpt>
      <trkpt lat="-25.974775962531567" lon="-65.84941794164479">
        <ele>1570.14</ele>
      </trkpt>
      <trkpt lat="-25.97480295225978" lon="-65.849444931373">
        <ele>1569.96</ele>
      </trkpt>
      <trkpt lat="-25.97480496391654" lon="-65.84946094080806">
        <ele>1569.79</ele>
      </trkpt>
      <trkpt lat="-25.9748019464314" lon="-65.84946194663644">
        <ele>1569.62</ele>
      </trkpt>
      <trkpt lat="-25.97480496391654" lon="-65.84946194663644">
        <ele>1569.45</ele>
      </trkpt>
      <trkpt lat="-25.97484494559467" lon="-65.84952095523477">
        <ele>1569.26</ele>
      </trkpt>
      <trkpt lat="-25.97484896890819" lon="-65.8495379704982">
        <ele>1569.08</ele>
      </trkpt>
      <trkpt lat="-25.974924992769957" lon="-65.8496019244194">
        <ele>1568.9</ele>
      </trkpt>
      <trkpt lat="-25.974971931427717" lon="-65.84966897964478">
        <ele>1568.72</ele>
      </trkpt>
      <trkpt lat="-25.974979978054762" lon="-65.84967995993793">
        <ele>1568.54</ele>
      </trkpt>
      <trkpt lat="-25.975023983046412" lon="-65.84976092912257">
        <ele>1568.35</ele>
      </trkpt>
      <trkpt lat="-25.975035969167948" lon="-65.849777944386">
        <ele>1568.15</ele>
      </trkpt>
      <trkpt lat="-25.975089948624372" lon="-65.84986796602607">
        <ele>1567.95</ele>
      </trkpt>
      <trkpt lat="-25.975096989423037" lon="-65.8498849812895">
        <ele>1567.74</ele>
      </trkpt>
      <trkpt lat="-25.975101934745908" lon="-65.84991892799735">
        <ele>1567.53</ele>
      </trkpt>
      <trkpt lat="-25.975108975544572" lon="-65.84994398988783">
        <ele>1567.3</ele>
      </trkpt>
      <trkpt lat="-25.975117944180965" lon="-65.84995295852423">
        <ele>1567.07</ele>
      </trkpt>
      <trkpt lat="-25.97518893890083" lon="-65.85001196712255">
        <ele>1566.82</ele>
      </trkpt>
      <trkpt lat="-25.97521098330617" lon="-65.85003593936563">
        <ele>1566.57</ele>
      </trkpt>
      <trkpt lat="-25.97525792196393" lon="-65.85011196322739">
        <ele>1566.3</ele>
      </trkpt>
      <trkpt lat="-25.975266974419355" lon="-65.85012294352055">
        <ele>1566.03</ele>
      </trkpt>
      <trkpt lat="-25.975269991904497" lon="-65.85013291798532">
        <ele>1565.76</ele>
      </trkpt>
      <trkpt lat="-25.9753009211272" lon="-65.85018899291754">
        <ele>1565.46</ele>
      </trkpt>
      <trkpt lat="-25.975349955260754" lon="-65.85025093518198">
        <ele>1565.15</ele>
      </trkpt>
      <trkpt lat="-25.975414998829365" lon="-65.85033995099366">
        <ele>1564.83</ele>
      </trkpt>
      <trkpt lat="-25.975519940257072" lon="-65.85046593099833">
        <ele>1564.49</ele>
      </trkpt>
      <trkpt lat="-25.975613985210657" lon="-65.85059895180166">
        <ele>1564.16</ele>
      </trkpt>
      <trkpt lat="-25.975669976323843" lon="-65.85069391876459">
        <ele>1563.88</ele>
      </trkpt>
      <trkpt lat="-25.975712975487113" lon="-65.85077195428312">
        <ele>1563.63</ele>
      </trkpt>
      <trkpt lat="-25.975741976872087" lon="-65.85080699063838">
        <ele>1563.38</ele>
      </trkpt>
      <trkpt lat="-25.97576796077192" lon="-65.85083791986108">
        <ele>1563.15</ele>
      </trkpt>
      <trkpt lat="-25.975781958550215" lon="-65.85085795260966">
        <ele>1562.92</ele>
      </trkpt>
      <trkpt lat="-25.97578899934888" lon="-65.85086692124605">
        <ele>1562.7</ele>
      </trkpt>
      <trkpt lat="-25.975796962156892" lon="-65.85087697952986">
        <ele>1562.49</ele>
      </trkpt>
      <trkpt lat="-25.975843984633684" lon="-65.8509439509362">
        <ele>1562.29</ele>
      </trkpt>
      <trkpt lat="-25.975889917463064" lon="-65.85102098062634">
        <ele>1562.09</ele>
      </trkpt>
      <trkpt lat="-25.975895952433348" lon="-65.85102592594922">
        <ele>1561.9</ele>
      </trkpt>
      <trkpt lat="-25.975910956040025" lon="-65.85107898339629">
        <ele>1561.71</ele>
      </trkpt>
      <trkpt lat="-25.975918918848038" lon="-65.85109096951783">
        <ele>1561.53</ele>
      </trkpt>
      <trkpt lat="-25.97596594132483" lon="-65.8511749561876">
        <ele>1561.35</ele>
      </trkpt>
      <trkpt lat="-25.975976921617985" lon="-65.85126698948443">
        <ele>1561.18</ele>
      </trkpt>
      <trkpt lat="-25.975999971851707" lon="-65.85139598697424">
        <ele>1561.0</ele>
      </trkpt>
      <trkpt lat="-25.976058980450034" lon="-65.85150193423033">
        <ele>1560.82</ele>
      </trkpt>
      <trkpt lat="-25.976126957684755" lon="-65.85161198861897">
        <ele>1560.63</ele>
      </trkpt>
      <trkpt lat="-25.97613994963467" lon="-65.85165993310511">
        <ele>1560.46</ele>
      </trkpt>
      <trkpt lat="-25.976117989048362" lon="-65.85168893449008">
        <ele>1560.31</ele>
      </trkpt>
      <trkpt lat="-25.97604598850012" lon="-65.85167594254017">
        <ele>1560.18</ele>
      </trkpt>
      <trkpt lat="-25.975926965475082" lon="-65.85162296891212">
        <ele>1560.05</ele>
      </trkpt>
      <trkpt lat="-25.975805930793285" lon="-65.85160897113383">
        <ele>1559.89</ele>
      </trkpt>
      <trkpt lat="-25.975718926638365" lon="-65.85162196308374">
        <ele>1559.71</ele>
      </trkpt>
      <trkpt lat="-25.975631922483444" lon="-65.85165498778224">
        <ele>1559.54</ele>
      </trkpt>
      <trkpt lat="-25.97553494386375" lon="-65.85169899277389">
        <ele>1559.36</ele>
      </trkpt>
      <trkpt lat="-25.975485993549228" lon="-65.85174593143165">
        <ele>1559.21</ele>
      </trkpt>
      <trkpt lat="-25.975400917232037" lon="-65.85181499831378">
        <ele>1559.04</ele>
      </trkpt>
      <trkpt lat="-25.97529899328947" lon="-65.85187593474984">
        <ele>1558.89</ele>
      </trkpt>
      <trkpt lat="-25.975282983854413" lon="-65.8518829755485">
        <ele>1558.78</ele>
      </trkpt>
      <trkpt lat="-25.97517292946577" lon="-65.85193393751979">
        <ele>1558.67</ele>
      </trkpt>
      <trkpt lat="-25.975089948624372" lon="-65.85199797526002">
        <ele>1558.6</ele>
      </trkpt>
      <trkpt lat="-25.975078968331218" lon="-65.85200292058289">
        <ele>1558.52</ele>
      </trkpt>
      <trkpt lat="-25.97495592199266" lon="-65.85206192918122">
        <ele>1558.46</ele>
      </trkpt>
      <trkpt lat="-25.97486992366612" lon="-65.85211892612278">
        <ele>1558.41</ele>
      </trkpt>
      <trkpt lat="-25.974793983623385" lon="-65.8521699719131">
        <ele>1558.4</ele>
      </trkpt>
      <trkpt lat="-25.97476297058165" lon="-65.8522029966116">
        <ele>1558.39</ele>
      </trkpt>
      <trkpt lat="-25.974725922569633" lon="-65.85223199799657">
        <ele>1558.4</ele>
      </trkpt>
      <trkpt lat="-25.974682923406363" lon="-65.85225194692612">
        <ele>1558.41</ele>
      </trkpt>
      <trkpt lat="-25.974642941728234" lon="-65.85226896218956">
        <ele>1558.45</ele>
      </trkpt>
      <trkpt lat="-25.974580999463797" lon="-65.85229293443263">
        <ele>1558.51</ele>
      </trkpt>
      <trkpt lat="-25.974534982815385" lon="-65.85231196135283">
        <ele>1558.62</ele>
      </trkpt>
      <trkpt lat="-25.974471950903535" lon="-65.85235395468771">
        <ele>1558.76</ele>
      </trkpt>
      <trkpt lat="-25.97437396645546" lon="-65.85240893997252">
        <ele>1558.94</ele>
      </trkpt>
      <trkpt lat="-25.97433691844344" lon="-65.85243098437786">
        <ele>1559.1</ele>
      </trkpt>
      <trkpt lat="-25.97418294288218" lon="-65.8525119535625">
        <ele>1559.32</ele>
      </trkpt>
      <trkpt lat="-25.974085964262486" lon="-65.85258294828236">
        <ele>1559.54</ele>
      </trkpt>
      <trkpt lat="-25.974069954827428" lon="-65.85258898325264">
        <ele>1559.75</ele>
      </trkpt>
      <trkpt lat="-25.97392193041742" lon="-65.85267498157918">
        <ele>1560.0</ele>
      </trkpt>
      <trkpt lat="-25.973810954019427" lon="-65.85277296602726">
        <ele>1560.27</ele>
      </trkpt>
      <trkpt lat="-25.973760997876525" lon="-65.85282392799854">
        <ele>1560.54</ele>
      </trkpt>
      <trkpt lat="-25.973675921559334" lon="-65.85287396796048">
        <ele>1560.83</ele>
      </trkpt>
      <trkpt lat="-25.97356293350458" lon="-65.85298092104495">
        <ele>1561.1</ele>
      </trkpt>
      <trkpt lat="-25.973456986248493" lon="-65.85309592075646">
        <ele>1561.42</ele>
      </trkpt>
      <trkpt lat="-25.973377944901586" lon="-65.8531919773668">
        <ele>1561.73</ele>
      </trkpt>
      <trkpt lat="-25.9732579998672" lon="-65.85325995460153">
        <ele>1562.05</ele>
      </trkpt>
      <trkpt lat="-25.97312699072063" lon="-65.85323095321655">
        <ele>1562.41</ele>
      </trkpt>
      <trkpt lat="-25.972968991845846" lon="-65.85311897099018">
        <ele>1562.78</ele>
      </trkpt>
      <trkpt lat="-25.972878970205784" lon="-65.8530849404633">
        <ele>1563.16</ele>
      </trkpt>
      <trkpt lat="-25.972801940515637" lon="-65.85306197404861">
        <ele>1563.55</ele>
      </trkpt>
      <trkpt lat="-25.972610916942358" lon="-65.85305895656347">
        <ele>1563.96</ele>
      </trkpt>
      <trkpt lat="-25.972412936389446" lon="-65.85303599014878">
        <ele>1564.36</ele>
      </trkpt>
      <trkpt lat="-25.972233982756734" lon="-65.85301394574344">
        <ele>1564.78</ele>
      </trkpt>
      <trkpt lat="-25.972134992480278" lon="-65.85295099765062">
        <ele>1565.15</ele>
      </trkpt>
      <trkpt lat="-25.9720129519701" lon="-65.85282694548368">
        <ele>1565.52</ele>
      </trkpt>
      <trkpt lat="-25.971829975023866" lon="-65.85275092162192">
        <ele>1565.9</ele>
      </trkpt>
      <trkpt lat="-25.971811953932047" lon="-65.85274497047067">
        <ele>1566.16</ele>
      </trkpt>
      <trkpt lat="-25.97169393673539" lon="-65.85270892828703">
        <ele>1566.4</ele>
      </trkpt>
      <trkpt lat="-25.971651943400502" lon="-65.85270691663027">
        <ele>1566.61</ele>
      </trkpt>
      <trkpt lat="-25.971597963944077" lon="-65.85265595465899">
        <ele>1566.81</ele>
      </trkpt>
      <trkpt lat="-25.97153794951737" lon="-65.85259594023228">
        <ele>1566.99</ele>
      </trkpt>
      <trkpt lat="-25.971458991989493" lon="-65.85254296660423">
        <ele>1567.13</ele>
      </trkpt>
      <trkpt lat="-25.97140895202756" lon="-65.85251396521926">
        <ele>1567.26</ele>
      </trkpt>
      <trkpt lat="-25.97136897034943" lon="-65.85248798131943">
        <ele>1567.38</ele>
      </trkpt>
      <trkpt lat="-25.971340974792838" lon="-65.85245797410607">
        <ele>1567.5</ele>
      </trkpt>
      <trkpt lat="-25.971265956759453" lon="-65.85240198299289">
        <ele>1567.61</ele>
      </trkpt>
      <trkpt lat="-25.971228992566466" lon="-65.85235797800124">
        <ele>1567.74</ele>
      </trkpt>
      <trkpt lat="-25.97119295038283" lon="-65.85231699049473">
        <ele>1567.88</ele>
      </trkpt>
      <trkpt lat="-25.97113293595612" lon="-65.85225496441126">
        <ele>1568.03</ele>
      </trkpt>
      <trkpt lat="-25.971117932349443" lon="-65.85222797468305">
        <ele>1568.21</ele>
      </trkpt>
      <trkpt lat="-25.97102497704327" lon="-65.8521419763565">
        <ele>1568.4</ele>
      </trkpt>
      <trkpt lat="-25.970947947353125" lon="-65.85205195471644">
        <ele>1568.63</ele>
      </trkpt>
      <trkpt lat="-25.97087292931974" lon="-65.8519889228046">
        <ele>1568.9</ele>
      </trkpt>
      <trkpt lat="-25.97076698206365" lon="-65.85187895223498">
        <ele>1569.21</ele>
      </trkpt>
      <trkpt lat="-25.970758935436606" lon="-65.85187199525535">
        <ele>1569.55</ele>
      </trkpt>
      <trkpt lat="-25.970655921846628" lon="-65.85178792476654">
        <ele>1569.94</ele>
      </trkpt>
      <trkpt lat="-25.97053094767034" lon="-65.85167896002531">
        <ele>1570.4</ele>
      </trkpt>
      <trkpt lat="-25.970434974879026" lon="-65.85158893838525">
        <ele>1570.87</ele>
      </trkpt>
      <trkpt lat="-25.97035299986601" lon="-65.85152096115053">
        <ele>1571.33</ele>
      </trkpt>
      <trkpt lat="-25.97024797461927" lon="-65.85142691619694">
        <ele>1571.81</ele>
      </trkpt>
      <trkpt lat="-25.97016097046435" lon="-65.85133094340563">
        <ele>1572.26</ele>
      </trkpt>
      <trkpt lat="-25.970069942995906" lon="-65.85124092176557">
        <ele>1572.71</ele>
      </trkpt>
      <trkpt lat="-25.969912949949503" lon="-65.85111695341766">
        <ele>1573.15</ele>
      </trkpt>
      <trkpt lat="-25.96986492164433" lon="-65.85106599144638">
        <ele>1573.5</ele>
      </trkpt>
      <trkpt lat="-25.969848996028304" lon="-65.85104998201132">
        <ele>1573.84</ele>
      </trkpt>
      <trkpt lat="-25.96977699548006" lon="-65.85098099894822">
        <ele>1574.17</ele>
      </trkpt>
      <trkpt lat="-25.969764925539494" lon="-65.85096993483603">
        <ele>1574.47</ele>
      </trkpt>
      <trkpt lat="-25.96971195191145" lon="-65.85091293789446">
        <ele>1574.78</ele>
      </trkpt>
      <trkpt lat="-25.969699965789914" lon="-65.85090698674321">
        <ele>1575.05</ele>
      </trkpt>
      <trkpt lat="-25.969589995220304" lon="-65.85083699785173">
        <ele>1575.34</ele>
      </trkpt>
      <trkpt lat="-25.96953995525837" lon="-65.8507869578898">
        <ele>1575.57</ele>
      </trkpt>
      <trkpt lat="-25.969536937773228" lon="-65.85078293457627">
        <ele>1575.79</ele>
      </trkpt>
      <trkpt lat="-25.96954096108675" lon="-65.8507639914751">
        <ele>1576.0</ele>
      </trkpt>
      <trkpt lat="-25.9695659391582" lon="-65.85070297122002">
        <ele>1576.2</ele>
      </trkpt>
      <trkpt lat="-25.969546996057034" lon="-65.85061395540833">
        <ele>1576.37</ele>
      </trkpt>
      <trkpt lat="-25.96954297274351" lon="-65.85060398094356">
        <ele>1576.53</ele>
      </trkpt>
      <trkpt lat="-25.96954196691513" lon="-65.8505739737302">
        <ele>1576.67</ele>
      </trkpt>
      <trkpt lat="-25.969501985237002" lon="-65.85049099288881">
        <ele>1576.8</ele>
      </trkpt>
      <trkpt lat="-25.969441970810294" lon="-65.85033894516528">
        <ele>1576.91</ele>
      </trkpt>
      <trkpt lat="-25.969444988295436" lon="-65.85022998042405">
        <ele>1577.01</ele>
      </trkpt>
      <trkpt lat="-25.969443982467055" lon="-65.85014892742038">
        <ele>1577.05</ele>
      </trkpt>
      <trkpt lat="-25.96945596858859" lon="-65.85012093186378">
        <ele>1577.06</ele>
      </trkpt>
      <trkpt lat="-25.96947398968041" lon="-65.85010492242873">
        <ele>1577.05</ele>
      </trkpt>
      <trkpt lat="-25.96954297274351" lon="-65.85002294741571">
        <ele>1577.02</ele>
      </trkpt>
      <trkpt lat="-25.969622936099768" lon="-65.84994197823107">
        <ele>1576.96</ele>
      </trkpt>
      <trkpt lat="-25.9696489199996" lon="-65.84992999210954">
        <ele>1576.88</ele>
      </trkpt>
      <trkpt lat="-25.969749921932817" lon="-65.84991892799735">
        <ele>1576.75</ele>
      </trkpt>
      <trkpt lat="-25.96981898881495" lon="-65.84989797323942">
        <ele>1576.63</ele>
      </trkpt>
      <trkpt lat="-25.96983994357288" lon="-65.84989093244076">
        <ele>1576.51</ele>
      </trkpt>
      <trkpt lat="-25.969921918585896" lon="-65.84984298795462">
        <ele>1576.36</ele>
      </trkpt>
      <trkpt lat="-25.96999199129641" lon="-65.8498059399426">
        <ele>1576.22</ele>
      </trkpt>
      <trkpt lat="-25.970094921067357" lon="-65.84976092912257">
        <ele>1576.06</ele>
      </trkpt>
      <trkpt lat="-25.97020396962762" lon="-65.84969094023108">
        <ele>1575.93</ele>
      </trkpt>
      <trkpt lat="-25.97029197961092" lon="-65.84960594773293">
        <ele>1575.84</ele>
      </trkpt>
      <trkpt lat="-25.97033992409706" lon="-65.84955993108451">
        <ele>1575.76</ele>
      </trkpt>
    </trkseg>
  </trk>
</gpx>
